Opt_name,nn_shape,t,cooling,population_size,toMate,toMutate,epoch,error
RHC, 35, 0, 0, 0, 0, 0, 0, 1.4136565285727002E-12
RHC, 35, 0, 0, 0, 0, 0, 1, 1.4136565285727002E-12
RHC, 35, 0, 0, 0, 0, 0, 2, 1.4136565285727002E-12
RHC, 35, 0, 0, 0, 0, 0, 3, 1.4136565285727002E-12
RHC, 35, 0, 0, 0, 0, 0, 4, 1.4136565285727002E-12
RHC, 35, 0, 0, 0, 0, 0, 5, 1.4136565289303613E-12
RHC, 35, 0, 0, 0, 0, 0, 6, 1.4136565289579515E-12
RHC, 35, 0, 0, 0, 0, 0, 7, 1.413656529438976E-12
RHC, 35, 0, 0, 0, 0, 0, 8, 1.413656529438976E-12
RHC, 35, 0, 0, 0, 0, 0, 9, 1.413656529438976E-12
RHC, 35, 0, 0, 0, 0, 0, 10, 1.4136565385132032E-12
RHC, 35, 0, 0, 0, 0, 0, 11, 1.4136565385132032E-12
RHC, 35, 0, 0, 0, 0, 0, 12, 1.4136565385132032E-12
RHC, 35, 0, 0, 0, 0, 0, 13, 1.4136565385132032E-12
RHC, 35, 0, 0, 0, 0, 0, 14, 1.4136565398007832E-12
RHC, 35, 0, 0, 0, 0, 0, 15, 1.4136565400510778E-12
RHC, 35, 0, 0, 0, 0, 0, 16, 1.4136565400510778E-12
RHC, 35, 0, 0, 0, 0, 0, 17, 1.4136565400510778E-12
RHC, 35, 0, 0, 0, 0, 0, 18, 1.4136565400510778E-12
RHC, 35, 0, 0, 0, 0, 0, 19, 1.4136565400510778E-12
RHC, 35, 0, 0, 0, 0, 0, 20, 1.4136565400510778E-12
RHC, 35, 0, 0, 0, 0, 0, 21, 1.413656543486248E-12
RHC, 35, 0, 0, 0, 0, 0, 22, 1.413656543486248E-12
RHC, 35, 0, 0, 0, 0, 0, 23, 1.4136565574734463E-12
RHC, 35, 0, 0, 0, 0, 0, 24, 1.4136565574734463E-12
RHC, 35, 0, 0, 0, 0, 0, 25, 1.4136565576080097E-12
RHC, 35, 0, 0, 0, 0, 0, 26, 1.4136565581514383E-12
RHC, 35, 0, 0, 0, 0, 0, 27, 1.4136565584198455E-12
RHC, 35, 0, 0, 0, 0, 0, 28, 1.4136565584198455E-12
RHC, 35, 0, 0, 0, 0, 0, 29, 1.4136565584198455E-12
RHC, 35, 0, 0, 0, 0, 0, 30, 1.4136565594766632E-12
RHC, 35, 0, 0, 0, 0, 0, 31, 1.4136565594766632E-12
RHC, 35, 0, 0, 0, 0, 0, 32, 1.4136565599965838E-12
RHC, 35, 0, 0, 0, 0, 0, 33, 1.4136565609457511E-12
RHC, 35, 0, 0, 0, 0, 0, 34, 1.4136565609457511E-12
RHC, 35, 0, 0, 0, 0, 0, 35, 1.4136565609457511E-12
RHC, 35, 0, 0, 0, 0, 0, 36, 1.4136565669041035E-12
RHC, 35, 0, 0, 0, 0, 0, 37, 1.413656567036724E-12
RHC, 35, 0, 0, 0, 0, 0, 38, 1.413656567036724E-12
RHC, 35, 0, 0, 0, 0, 0, 39, 1.413656567036724E-12
RHC, 35, 0, 0, 0, 0, 0, 40, 1.4136565678510165E-12
RHC, 35, 0, 0, 0, 0, 0, 41, 1.413656567873086E-12
RHC, 35, 0, 0, 0, 0, 0, 42, 1.413656567873086E-12
RHC, 35, 0, 0, 0, 0, 0, 43, 1.4136565678751797E-12
RHC, 35, 0, 0, 0, 0, 0, 44, 1.413656568167103E-12
RHC, 35, 0, 0, 0, 0, 0, 45, 1.4136565685146165E-12
RHC, 35, 0, 0, 0, 0, 0, 46, 1.4136565685154938E-12
RHC, 35, 0, 0, 0, 0, 0, 47, 1.4136565685154938E-12
RHC, 35, 0, 0, 0, 0, 0, 48, 1.4136565685154938E-12
RHC, 35, 0, 0, 0, 0, 0, 49, 1.413656569093934E-12
RHC, 35, 0, 0, 0, 0, 0, 50, 1.4136565691055852E-12
RHC, 35, 0, 0, 0, 0, 0, 51, 1.4136565691055852E-12
RHC, 35, 0, 0, 0, 0, 0, 52, 1.4136565691055852E-12
RHC, 35, 0, 0, 0, 0, 0, 53, 1.4136565691055852E-12
RHC, 35, 0, 0, 0, 0, 0, 54, 1.4136565699831606E-12
RHC, 35, 0, 0, 0, 0, 0, 55, 1.4136565699831606E-12
RHC, 35, 0, 0, 0, 0, 0, 56, 1.413656570004329E-12
RHC, 35, 0, 0, 0, 0, 0, 57, 1.413656570004329E-12
RHC, 35, 0, 0, 0, 0, 0, 58, 1.4136565723751795E-12
RHC, 35, 0, 0, 0, 0, 0, 59, 1.4136565739851614E-12
RHC, 35, 0, 0, 0, 0, 0, 60, 1.4136565747856113E-12
RHC, 35, 0, 0, 0, 0, 0, 61, 1.4136565748147749E-12
RHC, 35, 0, 0, 0, 0, 0, 62, 1.4136565748147749E-12
RHC, 35, 0, 0, 0, 0, 0, 63, 1.4136565748147749E-12
RHC, 35, 0, 0, 0, 0, 0, 64, 1.4136565748147749E-12
RHC, 35, 0, 0, 0, 0, 0, 65, 1.413656575202025E-12
RHC, 35, 0, 0, 0, 0, 0, 66, 1.413656575202025E-12
RHC, 35, 0, 0, 0, 0, 0, 67, 1.413656577315184E-12
RHC, 35, 0, 0, 0, 0, 0, 68, 1.413656577315184E-12
RHC, 35, 0, 0, 0, 0, 0, 69, 1.4136565774615725E-12
RHC, 35, 0, 0, 0, 0, 0, 70, 1.4136565774615725E-12
RHC, 35, 0, 0, 0, 0, 0, 71, 1.4136565774615725E-12
RHC, 35, 0, 0, 0, 0, 0, 72, 1.4136565774955751E-12
RHC, 35, 0, 0, 0, 0, 0, 73, 1.4136565774955751E-12
RHC, 35, 0, 0, 0, 0, 0, 74, 1.4136565800556175E-12
RHC, 35, 0, 0, 0, 0, 0, 75, 1.4136565801261115E-12
RHC, 35, 0, 0, 0, 0, 0, 76, 1.4136565801261115E-12
RHC, 35, 0, 0, 0, 0, 0, 77, 1.4136565801261115E-12
RHC, 35, 0, 0, 0, 0, 0, 78, 1.4136565801261115E-12
RHC, 35, 0, 0, 0, 0, 0, 79, 1.4136565801261115E-12
RHC, 35, 0, 0, 0, 0, 0, 80, 1.4136565801920214E-12
RHC, 35, 0, 0, 0, 0, 0, 81, 1.413656603845712E-12
RHC, 35, 0, 0, 0, 0, 0, 82, 1.4136566057074985E-12
RHC, 35, 0, 0, 0, 0, 0, 83, 1.4136566057086003E-12
RHC, 35, 0, 0, 0, 0, 0, 84, 1.4136566057086003E-12
RHC, 35, 0, 0, 0, 0, 0, 85, 1.4136566142168947E-12
RHC, 35, 0, 0, 0, 0, 0, 86, 1.4136566142168947E-12
RHC, 35, 0, 0, 0, 0, 0, 87, 1.4136566142168947E-12
RHC, 35, 0, 0, 0, 0, 0, 88, 1.4136566143140783E-12
RHC, 35, 0, 0, 0, 0, 0, 89, 1.4136566144205297E-12
RHC, 35, 0, 0, 0, 0, 0, 90, 1.4136566144205297E-12
RHC, 35, 0, 0, 0, 0, 0, 91, 1.4136566144205297E-12
RHC, 35, 0, 0, 0, 0, 0, 92, 1.4136566144205297E-12
RHC, 35, 0, 0, 0, 0, 0, 93, 1.4136566144205297E-12
RHC, 35, 0, 0, 0, 0, 0, 94, 1.4136566144205297E-12
RHC, 35, 0, 0, 0, 0, 0, 95, 1.4136566144205297E-12
RHC, 35, 0, 0, 0, 0, 0, 96, 1.4136566144205297E-12
RHC, 35, 0, 0, 0, 0, 0, 97, 1.4136566144680567E-12
RHC, 35, 0, 0, 0, 0, 0, 98, 1.4136566144680567E-12
RHC, 35, 0, 0, 0, 0, 0, 99, 1.4136566151483988E-12
RHC, 35, 0, 0, 0, 0, 0, 100, 1.4136566151483988E-12
RHC, 35, 0, 0, 0, 0, 0, 101, 1.4136566151483988E-12
RHC, 35, 0, 0, 0, 0, 0, 102, 1.4136566151483988E-12
RHC, 35, 0, 0, 0, 0, 0, 103, 1.4136566151483988E-12
RHC, 35, 0, 0, 0, 0, 0, 104, 1.4136566151483988E-12
RHC, 35, 0, 0, 0, 0, 0, 105, 1.4136566151483988E-12
RHC, 35, 0, 0, 0, 0, 0, 106, 1.4136566154305807E-12
RHC, 35, 0, 0, 0, 0, 0, 107, 1.4136566154305807E-12
RHC, 35, 0, 0, 0, 0, 0, 108, 1.4136566154305807E-12
RHC, 35, 0, 0, 0, 0, 0, 109, 1.413656616217337E-12
RHC, 35, 0, 0, 0, 0, 0, 110, 1.4136566162213197E-12
RHC, 35, 0, 0, 0, 0, 0, 111, 1.4136566913235072E-12
RHC, 35, 0, 0, 0, 0, 0, 112, 1.413656692141585E-12
RHC, 35, 0, 0, 0, 0, 0, 113, 1.4136566921416355E-12
RHC, 35, 0, 0, 0, 0, 0, 114, 1.4136566921416355E-12
RHC, 35, 0, 0, 0, 0, 0, 115, 1.4136566922651187E-12
RHC, 35, 0, 0, 0, 0, 0, 116, 1.4136566922651187E-12
RHC, 35, 0, 0, 0, 0, 0, 117, 1.413656692452874E-12
RHC, 35, 0, 0, 0, 0, 0, 118, 1.4136566924973401E-12
RHC, 35, 0, 0, 0, 0, 0, 119, 1.41365669264232E-12
RHC, 35, 0, 0, 0, 0, 0, 120, 1.41365669264232E-12
RHC, 35, 0, 0, 0, 0, 0, 121, 1.4136566946606036E-12
RHC, 35, 0, 0, 0, 0, 0, 122, 1.4136566946606036E-12
RHC, 35, 0, 0, 0, 0, 0, 123, 1.41365670876611E-12
RHC, 35, 0, 0, 0, 0, 0, 124, 1.4136567093953217E-12
RHC, 35, 0, 0, 0, 0, 0, 125, 1.4136567093953217E-12
RHC, 35, 0, 0, 0, 0, 0, 126, 1.4136567093953217E-12
RHC, 35, 0, 0, 0, 0, 0, 127, 1.4136567093953217E-12
RHC, 35, 0, 0, 0, 0, 0, 128, 1.4136567093953217E-12
RHC, 35, 0, 0, 0, 0, 0, 129, 1.4136567095382699E-12
RHC, 35, 0, 0, 0, 0, 0, 130, 1.4136567097542836E-12
RHC, 35, 0, 0, 0, 0, 0, 131, 1.413656710418966E-12
RHC, 35, 0, 0, 0, 0, 0, 132, 1.413656710418966E-12
RHC, 35, 0, 0, 0, 0, 0, 133, 1.413656710461423E-12
RHC, 35, 0, 0, 0, 0, 0, 134, 1.4136567132575454E-12
RHC, 35, 0, 0, 0, 0, 0, 135, 1.4136567141340965E-12
RHC, 35, 0, 0, 0, 0, 0, 136, 1.4136567141340965E-12
RHC, 35, 0, 0, 0, 0, 0, 137, 1.4136567141828547E-12
RHC, 35, 0, 0, 0, 0, 0, 138, 1.4136567141828547E-12
RHC, 35, 0, 0, 0, 0, 0, 139, 1.4136567141831766E-12
RHC, 35, 0, 0, 0, 0, 0, 140, 1.4136567144770424E-12
RHC, 35, 0, 0, 0, 0, 0, 141, 1.4136567144770424E-12
RHC, 35, 0, 0, 0, 0, 0, 142, 1.4136567151258766E-12
RHC, 35, 0, 0, 0, 0, 0, 143, 1.4136567151258766E-12
RHC, 35, 0, 0, 0, 0, 0, 144, 1.4136567151258766E-12
RHC, 35, 0, 0, 0, 0, 0, 145, 1.4136567155793759E-12
RHC, 35, 0, 0, 0, 0, 0, 146, 1.4136567155793759E-12
RHC, 35, 0, 0, 0, 0, 0, 147, 1.4136567155884894E-12
RHC, 35, 0, 0, 0, 0, 0, 148, 1.4136567261021796E-12
RHC, 35, 0, 0, 0, 0, 0, 149, 1.4136567261021796E-12
RHC, 35, 0, 0, 0, 0, 0, 150, 1.4136567261021796E-12
RHC, 35, 0, 0, 0, 0, 0, 151, 1.4136567516049095E-12
RHC, 35, 0, 0, 0, 0, 0, 152, 1.4136567517051086E-12
RHC, 35, 0, 0, 0, 0, 0, 153, 1.4136567520490702E-12
RHC, 35, 0, 0, 0, 0, 0, 154, 1.4136567521115904E-12
RHC, 35, 0, 0, 0, 0, 0, 155, 1.4136567537613962E-12
RHC, 35, 0, 0, 0, 0, 0, 156, 1.4136567542876778E-12
RHC, 35, 0, 0, 0, 0, 0, 157, 1.4136567570163645E-12
RHC, 35, 0, 0, 0, 0, 0, 158, 1.4136567570163645E-12
RHC, 35, 0, 0, 0, 0, 0, 159, 1.4136567570163645E-12
RHC, 35, 0, 0, 0, 0, 0, 160, 1.4136567570163645E-12
RHC, 35, 0, 0, 0, 0, 0, 161, 1.4136567570163645E-12
RHC, 35, 0, 0, 0, 0, 0, 162, 1.4136567571099478E-12
RHC, 35, 0, 0, 0, 0, 0, 163, 1.4136567571099478E-12
RHC, 35, 0, 0, 0, 0, 0, 164, 1.4136567571589376E-12
RHC, 35, 0, 0, 0, 0, 0, 165, 1.41365676436566E-12
RHC, 35, 0, 0, 0, 0, 0, 166, 1.41365676436566E-12
RHC, 35, 0, 0, 0, 0, 0, 167, 1.41365676436566E-12
RHC, 35, 0, 0, 0, 0, 0, 168, 1.41365676436566E-12
RHC, 35, 0, 0, 0, 0, 0, 169, 1.41365676436566E-12
RHC, 35, 0, 0, 0, 0, 0, 170, 1.41365676436566E-12
RHC, 35, 0, 0, 0, 0, 0, 171, 1.4136567644215173E-12
RHC, 35, 0, 0, 0, 0, 0, 172, 1.4136567644215173E-12
RHC, 35, 0, 0, 0, 0, 0, 173, 1.4136567644277331E-12
RHC, 35, 0, 0, 0, 0, 0, 174, 1.4136567644277331E-12
RHC, 35, 0, 0, 0, 0, 0, 175, 1.4136567644277331E-12
RHC, 35, 0, 0, 0, 0, 0, 176, 1.4136567644277331E-12
RHC, 35, 0, 0, 0, 0, 0, 177, 1.4136567649849653E-12
RHC, 35, 0, 0, 0, 0, 0, 178, 1.4136567659059556E-12
RHC, 35, 0, 0, 0, 0, 0, 179, 1.4136567659059556E-12
RHC, 35, 0, 0, 0, 0, 0, 180, 1.4136567659059556E-12
RHC, 35, 0, 0, 0, 0, 0, 181, 1.4136567659059556E-12
RHC, 35, 0, 0, 0, 0, 0, 182, 1.4136567670997236E-12
RHC, 35, 0, 0, 0, 0, 0, 183, 1.4136567670997236E-12
RHC, 35, 0, 0, 0, 0, 0, 184, 1.4136567670997236E-12
RHC, 35, 0, 0, 0, 0, 0, 185, 1.4136567670997236E-12
RHC, 35, 0, 0, 0, 0, 0, 186, 1.4136567670997236E-12
RHC, 35, 0, 0, 0, 0, 0, 187, 1.4136567670997236E-12
RHC, 35, 0, 0, 0, 0, 0, 188, 1.4136567670997236E-12
RHC, 35, 0, 0, 0, 0, 0, 189, 1.413656780691615E-12
RHC, 35, 0, 0, 0, 0, 0, 190, 1.413656780691615E-12
RHC, 35, 0, 0, 0, 0, 0, 191, 1.413656780691615E-12
RHC, 35, 0, 0, 0, 0, 0, 192, 1.4136567808563588E-12
RHC, 35, 0, 0, 0, 0, 0, 193, 1.4136567808784649E-12
RHC, 35, 0, 0, 0, 0, 0, 194, 1.4136567808784649E-12
RHC, 35, 0, 0, 0, 0, 0, 195, 1.4136567809782692E-12
RHC, 35, 0, 0, 0, 0, 0, 196, 1.4136567809782904E-12
RHC, 35, 0, 0, 0, 0, 0, 197, 1.4136567820204727E-12
RHC, 35, 0, 0, 0, 0, 0, 198, 1.4136567827992725E-12
RHC, 35, 0, 0, 0, 0, 0, 199, 1.4136567827992725E-12
RHC, 35, 0, 0, 0, 0, 0, 200, 1.4136567828223383E-12
RHC, 35, 0, 0, 0, 0, 0, 201, 1.4136567828223383E-12
RHC, 35, 0, 0, 0, 0, 0, 202, 1.4136567828223383E-12
RHC, 35, 0, 0, 0, 0, 0, 203, 1.4136567828223383E-12
RHC, 35, 0, 0, 0, 0, 0, 204, 1.4136567828223383E-12
RHC, 35, 0, 0, 0, 0, 0, 205, 1.4136567828223383E-12
RHC, 35, 0, 0, 0, 0, 0, 206, 1.4136567828223383E-12
RHC, 35, 0, 0, 0, 0, 0, 207, 1.4136567828223383E-12
RHC, 35, 0, 0, 0, 0, 0, 208, 1.4136567828223383E-12
RHC, 35, 0, 0, 0, 0, 0, 209, 1.4136567828223383E-12
RHC, 35, 0, 0, 0, 0, 0, 210, 1.4136567828223383E-12
RHC, 35, 0, 0, 0, 0, 0, 211, 1.4136567930345005E-12
RHC, 35, 0, 0, 0, 0, 0, 212, 1.4136567930345005E-12
RHC, 35, 0, 0, 0, 0, 0, 213, 1.4136567930345005E-12
RHC, 35, 0, 0, 0, 0, 0, 214, 1.4136567936247403E-12
RHC, 35, 0, 0, 0, 0, 0, 215, 1.4136567936247403E-12
RHC, 35, 0, 0, 0, 0, 0, 216, 1.4136567937943285E-12
RHC, 35, 0, 0, 0, 0, 0, 217, 1.4136567937943285E-12
RHC, 35, 0, 0, 0, 0, 0, 218, 1.4136567937943285E-12
RHC, 35, 0, 0, 0, 0, 0, 219, 1.413656793925943E-12
RHC, 35, 0, 0, 0, 0, 0, 220, 1.413656793925943E-12
RHC, 35, 0, 0, 0, 0, 0, 221, 1.413656793925943E-12
RHC, 35, 0, 0, 0, 0, 0, 222, 1.413656794569608E-12
RHC, 35, 0, 0, 0, 0, 0, 223, 1.413656794569608E-12
RHC, 35, 0, 0, 0, 0, 0, 224, 1.4136568012213433E-12
RHC, 35, 0, 0, 0, 0, 0, 225, 1.4136568029886436E-12
RHC, 35, 0, 0, 0, 0, 0, 226, 1.4136568029886436E-12
RHC, 35, 0, 0, 0, 0, 0, 227, 1.4136568029886436E-12
RHC, 35, 0, 0, 0, 0, 0, 228, 1.4136568029886436E-12
RHC, 35, 0, 0, 0, 0, 0, 229, 1.4136568029886436E-12
RHC, 35, 0, 0, 0, 0, 0, 230, 1.4136568029886436E-12
RHC, 35, 0, 0, 0, 0, 0, 231, 1.4136568033453315E-12
RHC, 35, 0, 0, 0, 0, 0, 232, 1.4136568033453315E-12
RHC, 35, 0, 0, 0, 0, 0, 233, 1.413656803555481E-12
RHC, 35, 0, 0, 0, 0, 0, 234, 1.413656803555481E-12
RHC, 35, 0, 0, 0, 0, 0, 235, 1.413656803555481E-12
RHC, 35, 0, 0, 0, 0, 0, 236, 1.413656803555481E-12
RHC, 35, 0, 0, 0, 0, 0, 237, 1.4136568068094177E-12
RHC, 35, 0, 0, 0, 0, 0, 238, 1.4136568075689377E-12
RHC, 35, 0, 0, 0, 0, 0, 239, 1.4136568076073869E-12
RHC, 35, 0, 0, 0, 0, 0, 240, 1.4136568098307861E-12
RHC, 35, 0, 0, 0, 0, 0, 241, 1.4136568098307861E-12
RHC, 35, 0, 0, 0, 0, 0, 242, 1.4136568098307861E-12
RHC, 35, 0, 0, 0, 0, 0, 243, 1.413656810319821E-12
RHC, 35, 0, 0, 0, 0, 0, 244, 1.4136568183349177E-12
RHC, 35, 0, 0, 0, 0, 0, 245, 1.4136568183349177E-12
RHC, 35, 0, 0, 0, 0, 0, 246, 1.4136568183349177E-12
RHC, 35, 0, 0, 0, 0, 0, 247, 1.4136568183349177E-12
RHC, 35, 0, 0, 0, 0, 0, 248, 1.4136568185643919E-12
RHC, 35, 0, 0, 0, 0, 0, 249, 1.4136568213331052E-12
RHC, 35, 0, 0, 0, 0, 0, 250, 1.4136568213331052E-12
RHC, 35, 0, 0, 0, 0, 0, 251, 1.4136568213331052E-12
RHC, 35, 0, 0, 0, 0, 0, 252, 1.413656821438486E-12
RHC, 35, 0, 0, 0, 0, 0, 253, 1.4136568215066877E-12
RHC, 35, 0, 0, 0, 0, 0, 254, 1.4136568215066877E-12
RHC, 35, 0, 0, 0, 0, 0, 255, 1.4136568215066877E-12
RHC, 35, 0, 0, 0, 0, 0, 256, 1.4136568229031004E-12
RHC, 35, 0, 0, 0, 0, 0, 257, 1.4136568371886912E-12
RHC, 35, 0, 0, 0, 0, 0, 258, 1.413656837228353E-12
RHC, 35, 0, 0, 0, 0, 0, 259, 1.4136568372782254E-12
RHC, 35, 0, 0, 0, 0, 0, 260, 1.4136568372782254E-12
RHC, 35, 0, 0, 0, 0, 0, 261, 1.4136568380191979E-12
RHC, 35, 0, 0, 0, 0, 0, 262, 1.4136568385077876E-12
RHC, 35, 0, 0, 0, 0, 0, 263, 1.4136568385077876E-12
RHC, 35, 0, 0, 0, 0, 0, 264, 1.4136568385115208E-12
RHC, 35, 0, 0, 0, 0, 0, 265, 1.413656843390929E-12
RHC, 35, 0, 0, 0, 0, 0, 266, 1.4136568517744955E-12
RHC, 35, 0, 0, 0, 0, 0, 267, 1.4136568517744955E-12
RHC, 35, 0, 0, 0, 0, 0, 268, 1.4136568517744955E-12
RHC, 35, 0, 0, 0, 0, 0, 269, 1.4136568517744955E-12
RHC, 35, 0, 0, 0, 0, 0, 270, 1.4136568517744955E-12
RHC, 35, 0, 0, 0, 0, 0, 271, 1.4136568517744955E-12
RHC, 35, 0, 0, 0, 0, 0, 272, 1.4136568546226337E-12
RHC, 35, 0, 0, 0, 0, 0, 273, 1.4136568546226355E-12
RHC, 35, 0, 0, 0, 0, 0, 274, 1.4136568546226355E-12
RHC, 35, 0, 0, 0, 0, 0, 275, 1.4136568583101996E-12
RHC, 35, 0, 0, 0, 0, 0, 276, 1.413656858585389E-12
RHC, 35, 0, 0, 0, 0, 0, 277, 1.413656858585389E-12
RHC, 35, 0, 0, 0, 0, 0, 278, 1.413656859085327E-12
RHC, 35, 0, 0, 0, 0, 0, 279, 1.413656864157694E-12
RHC, 35, 0, 0, 0, 0, 0, 280, 1.4136568663978114E-12
RHC, 35, 0, 0, 0, 0, 0, 281, 1.4136568689315157E-12
RHC, 35, 0, 0, 0, 0, 0, 282, 1.4136568689315157E-12
RHC, 35, 0, 0, 0, 0, 0, 283, 1.4136568689315157E-12
RHC, 35, 0, 0, 0, 0, 0, 284, 1.4136568689315157E-12
RHC, 35, 0, 0, 0, 0, 0, 285, 1.4136568689315157E-12
RHC, 35, 0, 0, 0, 0, 0, 286, 1.4136568695894925E-12
RHC, 35, 0, 0, 0, 0, 0, 287, 1.4136568695894925E-12
RHC, 35, 0, 0, 0, 0, 0, 288, 1.4136568695894925E-12
RHC, 35, 0, 0, 0, 0, 0, 289, 1.4136568695894925E-12
RHC, 35, 0, 0, 0, 0, 0, 290, 1.4136568697195749E-12
RHC, 35, 0, 0, 0, 0, 0, 291, 1.4136568718443804E-12
RHC, 35, 0, 0, 0, 0, 0, 292, 1.4136568718443804E-12
RHC, 35, 0, 0, 0, 0, 0, 293, 1.413656871898814E-12
RHC, 35, 0, 0, 0, 0, 0, 294, 1.413656871898814E-12
RHC, 35, 0, 0, 0, 0, 0, 295, 1.413656871898814E-12
RHC, 35, 0, 0, 0, 0, 0, 296, 1.413656871898814E-12
RHC, 35, 0, 0, 0, 0, 0, 297, 1.413656871898814E-12
RHC, 35, 0, 0, 0, 0, 0, 298, 1.413656871898814E-12
RHC, 35, 0, 0, 0, 0, 0, 299, 1.4136568718988145E-12
RHC, 35, 0, 0, 0, 0, 0, 300, 1.413656873799064E-12
RHC, 35, 0, 0, 0, 0, 0, 301, 1.413656874385355E-12
RHC, 35, 0, 0, 0, 0, 0, 302, 1.413656874385355E-12
RHC, 35, 0, 0, 0, 0, 0, 303, 1.413656874385355E-12
RHC, 35, 0, 0, 0, 0, 0, 304, 1.413656874385355E-12
RHC, 35, 0, 0, 0, 0, 0, 305, 1.413656874385355E-12
RHC, 35, 0, 0, 0, 0, 0, 306, 1.4136568752919304E-12
RHC, 35, 0, 0, 0, 0, 0, 307, 1.413656875378789E-12
RHC, 35, 0, 0, 0, 0, 0, 308, 1.413656875378789E-12
RHC, 35, 0, 0, 0, 0, 0, 309, 1.413656875378789E-12
RHC, 35, 0, 0, 0, 0, 0, 310, 1.413656875378789E-12
RHC, 35, 0, 0, 0, 0, 0, 311, 1.4136568755927558E-12
RHC, 35, 0, 0, 0, 0, 0, 312, 1.4136568840773604E-12
RHC, 35, 0, 0, 0, 0, 0, 313, 1.4136568840773604E-12
RHC, 35, 0, 0, 0, 0, 0, 314, 1.41365688597236E-12
RHC, 35, 0, 0, 0, 0, 0, 315, 1.41365688597236E-12
RHC, 35, 0, 0, 0, 0, 0, 316, 1.41365688597236E-12
RHC, 35, 0, 0, 0, 0, 0, 317, 1.4136568860450853E-12
RHC, 35, 0, 0, 0, 0, 0, 318, 1.4136568860450853E-12
RHC, 35, 0, 0, 0, 0, 0, 319, 1.4136568908391866E-12
RHC, 35, 0, 0, 0, 0, 0, 320, 1.4136568908391866E-12
RHC, 35, 0, 0, 0, 0, 0, 321, 1.4136568908391866E-12
RHC, 35, 0, 0, 0, 0, 0, 322, 1.4136568917773973E-12
RHC, 35, 0, 0, 0, 0, 0, 323, 1.4136568919442212E-12
RHC, 35, 0, 0, 0, 0, 0, 324, 1.4136568919442212E-12
RHC, 35, 0, 0, 0, 0, 0, 325, 1.4136568919901127E-12
RHC, 35, 0, 0, 0, 0, 0, 326, 1.4136568919901127E-12
RHC, 35, 0, 0, 0, 0, 0, 327, 1.4136568919901127E-12
RHC, 35, 0, 0, 0, 0, 0, 328, 1.4136568919901127E-12
RHC, 35, 0, 0, 0, 0, 0, 329, 1.4136568919901127E-12
RHC, 35, 0, 0, 0, 0, 0, 330, 1.4136568921326328E-12
RHC, 35, 0, 0, 0, 0, 0, 331, 1.4136568925893863E-12
RHC, 35, 0, 0, 0, 0, 0, 332, 1.4136568925893863E-12
RHC, 35, 0, 0, 0, 0, 0, 333, 1.4136568925893863E-12
RHC, 35, 0, 0, 0, 0, 0, 334, 1.4136568925893863E-12
RHC, 35, 0, 0, 0, 0, 0, 335, 1.4136569422905633E-12
RHC, 35, 0, 0, 0, 0, 0, 336, 1.4136569422905633E-12
RHC, 35, 0, 0, 0, 0, 0, 337, 1.4136569422905633E-12
RHC, 35, 0, 0, 0, 0, 0, 338, 1.4136569422905633E-12
RHC, 35, 0, 0, 0, 0, 0, 339, 1.4136569425820875E-12
RHC, 35, 0, 0, 0, 0, 0, 340, 1.4136569439459387E-12
RHC, 35, 0, 0, 0, 0, 0, 341, 1.4136569439459387E-12
RHC, 35, 0, 0, 0, 0, 0, 342, 1.4136569439459387E-12
RHC, 35, 0, 0, 0, 0, 0, 343, 1.4136569439459387E-12
RHC, 35, 0, 0, 0, 0, 0, 344, 1.4136569444262481E-12
RHC, 35, 0, 0, 0, 0, 0, 345, 1.4136569480468302E-12
RHC, 35, 0, 0, 0, 0, 0, 346, 1.4136570113641624E-12
RHC, 35, 0, 0, 0, 0, 0, 347, 1.4136570113641624E-12
RHC, 35, 0, 0, 0, 0, 0, 348, 1.4136570125833267E-12
RHC, 35, 0, 0, 0, 0, 0, 349, 1.4136570125833267E-12
RHC, 35, 0, 0, 0, 0, 0, 350, 1.4136570125833267E-12
RHC, 35, 0, 0, 0, 0, 0, 351, 1.4136570125833267E-12
RHC, 35, 0, 0, 0, 0, 0, 352, 1.4136570125851977E-12
RHC, 35, 0, 0, 0, 0, 0, 353, 1.4136570125851977E-12
RHC, 35, 0, 0, 0, 0, 0, 354, 1.4136570125851977E-12
RHC, 35, 0, 0, 0, 0, 0, 355, 1.4136570126327196E-12
RHC, 35, 0, 0, 0, 0, 0, 356, 1.4136570126327196E-12
RHC, 35, 0, 0, 0, 0, 0, 357, 1.4136570126327196E-12
RHC, 35, 0, 0, 0, 0, 0, 358, 1.4136570126327196E-12
RHC, 35, 0, 0, 0, 0, 0, 359, 1.4136570150874385E-12
RHC, 35, 0, 0, 0, 0, 0, 360, 1.4136570150874385E-12
RHC, 35, 0, 0, 0, 0, 0, 361, 1.4136570152160951E-12
RHC, 35, 0, 0, 0, 0, 0, 362, 1.4136570167511576E-12
RHC, 35, 0, 0, 0, 0, 0, 363, 1.4136570173569313E-12
RHC, 35, 0, 0, 0, 0, 0, 364, 1.4136570173569313E-12
RHC, 35, 0, 0, 0, 0, 0, 365, 1.4136570173569313E-12
RHC, 35, 0, 0, 0, 0, 0, 366, 1.4136570173569646E-12
RHC, 35, 0, 0, 0, 0, 0, 367, 1.4136570173569646E-12
RHC, 35, 0, 0, 0, 0, 0, 368, 1.4136570174173833E-12
RHC, 35, 0, 0, 0, 0, 0, 369, 1.4136570174173833E-12
RHC, 35, 0, 0, 0, 0, 0, 370, 1.4136570198794945E-12
RHC, 35, 0, 0, 0, 0, 0, 371, 1.4136570198794945E-12
RHC, 35, 0, 0, 0, 0, 0, 372, 1.4136570198794945E-12
RHC, 35, 0, 0, 0, 0, 0, 373, 1.4136570198794945E-12
RHC, 35, 0, 0, 0, 0, 0, 374, 1.4136570198794945E-12
RHC, 35, 0, 0, 0, 0, 0, 375, 1.4136570198794945E-12
RHC, 35, 0, 0, 0, 0, 0, 376, 1.4136570202456423E-12
RHC, 35, 0, 0, 0, 0, 0, 377, 1.4136570202456423E-12
RHC, 35, 0, 0, 0, 0, 0, 378, 1.4136570259351822E-12
RHC, 35, 0, 0, 0, 0, 0, 379, 1.4136570259351822E-12
RHC, 35, 0, 0, 0, 0, 0, 380, 1.4136570259351822E-12
RHC, 35, 0, 0, 0, 0, 0, 381, 1.4136570259351822E-12
RHC, 35, 0, 0, 0, 0, 0, 382, 1.4136570259351822E-12
RHC, 35, 0, 0, 0, 0, 0, 383, 1.4136570261739431E-12
RHC, 35, 0, 0, 0, 0, 0, 384, 1.4136570263271123E-12
RHC, 35, 0, 0, 0, 0, 0, 385, 1.4136570263271123E-12
RHC, 35, 0, 0, 0, 0, 0, 386, 1.4136570263271123E-12
RHC, 35, 0, 0, 0, 0, 0, 387, 1.413657037218867E-12
RHC, 35, 0, 0, 0, 0, 0, 388, 1.4136570374335278E-12
RHC, 35, 0, 0, 0, 0, 0, 389, 1.4136570374335278E-12
RHC, 35, 0, 0, 0, 0, 0, 390, 1.4136570374335278E-12
RHC, 35, 0, 0, 0, 0, 0, 391, 1.4136570374335278E-12
RHC, 35, 0, 0, 0, 0, 0, 392, 1.4136570374335278E-12
RHC, 35, 0, 0, 0, 0, 0, 393, 1.4136570655639038E-12
RHC, 35, 0, 0, 0, 0, 0, 394, 1.4136570656278829E-12
RHC, 35, 0, 0, 0, 0, 0, 395, 1.413657065767431E-12
RHC, 35, 0, 0, 0, 0, 0, 396, 1.4136570662010526E-12
RHC, 35, 0, 0, 0, 0, 0, 397, 1.4136570662010526E-12
RHC, 35, 0, 0, 0, 0, 0, 398, 1.4136570662010526E-12
RHC, 35, 0, 0, 0, 0, 0, 399, 1.4136570662010526E-12
RHC, 35, 0, 0, 0, 0, 0, 400, 1.4136570662010526E-12
RHC, 35, 0, 0, 0, 0, 0, 401, 1.4136570662010526E-12
RHC, 35, 0, 0, 0, 0, 0, 402, 1.4136570670201555E-12
RHC, 35, 0, 0, 0, 0, 0, 403, 1.413657067606023E-12
RHC, 35, 0, 0, 0, 0, 0, 404, 1.413657067606023E-12
RHC, 35, 0, 0, 0, 0, 0, 405, 1.413657067606023E-12
RHC, 35, 0, 0, 0, 0, 0, 406, 1.413657067606023E-12
RHC, 35, 0, 0, 0, 0, 0, 407, 1.413657067606023E-12
RHC, 35, 0, 0, 0, 0, 0, 408, 1.4136570695941128E-12
RHC, 35, 0, 0, 0, 0, 0, 409, 1.4136570708782442E-12
RHC, 35, 0, 0, 0, 0, 0, 410, 1.4136570708782442E-12
RHC, 35, 0, 0, 0, 0, 0, 411, 1.4136570708782442E-12
RHC, 35, 0, 0, 0, 0, 0, 412, 1.4136570708782442E-12
RHC, 35, 0, 0, 0, 0, 0, 413, 1.4136570747128017E-12
RHC, 35, 0, 0, 0, 0, 0, 414, 1.4136570792316785E-12
RHC, 35, 0, 0, 0, 0, 0, 415, 1.4136570808758807E-12
RHC, 35, 0, 0, 0, 0, 0, 416, 1.4136570809099942E-12
RHC, 35, 0, 0, 0, 0, 0, 417, 1.4136570809099942E-12
RHC, 35, 0, 0, 0, 0, 0, 418, 1.4136570819149621E-12
RHC, 35, 0, 0, 0, 0, 0, 419, 1.4136570819149621E-12
RHC, 35, 0, 0, 0, 0, 0, 420, 1.4136570819149621E-12
RHC, 35, 0, 0, 0, 0, 0, 421, 1.4136570821008918E-12
RHC, 35, 0, 0, 0, 0, 0, 422, 1.4136570821008918E-12
RHC, 35, 0, 0, 0, 0, 0, 423, 1.413657082144457E-12
RHC, 35, 0, 0, 0, 0, 0, 424, 1.4136570827477284E-12
RHC, 35, 0, 0, 0, 0, 0, 425, 1.4136570827571172E-12
RHC, 35, 0, 0, 0, 0, 0, 426, 1.4136570839418131E-12
RHC, 35, 0, 0, 0, 0, 0, 427, 1.4136570849142033E-12
RHC, 35, 0, 0, 0, 0, 0, 428, 1.4136570858028615E-12
RHC, 35, 0, 0, 0, 0, 0, 429, 1.4136570858028615E-12
RHC, 35, 0, 0, 0, 0, 0, 430, 1.4136570858028615E-12
RHC, 35, 0, 0, 0, 0, 0, 431, 1.4136570975476298E-12
RHC, 35, 0, 0, 0, 0, 0, 432, 1.4136570978864691E-12
RHC, 35, 0, 0, 0, 0, 0, 433, 1.4136570981265769E-12
RHC, 35, 0, 0, 0, 0, 0, 434, 1.4136570981265769E-12
RHC, 35, 0, 0, 0, 0, 0, 435, 1.4136570981265769E-12
RHC, 35, 0, 0, 0, 0, 0, 436, 1.4136570981265769E-12
RHC, 35, 0, 0, 0, 0, 0, 437, 1.4136570981265769E-12
RHC, 35, 0, 0, 0, 0, 0, 438, 1.413657098441648E-12
RHC, 35, 0, 0, 0, 0, 0, 439, 1.413657098441648E-12
RHC, 35, 0, 0, 0, 0, 0, 440, 1.413657098441648E-12
RHC, 35, 0, 0, 0, 0, 0, 441, 1.413657101407745E-12
RHC, 35, 0, 0, 0, 0, 0, 442, 1.4136571014096016E-12
RHC, 35, 0, 0, 0, 0, 0, 443, 1.4136571014096016E-12
RHC, 35, 0, 0, 0, 0, 0, 444, 1.4136571014494297E-12
RHC, 35, 0, 0, 0, 0, 0, 445, 1.4136571014494297E-12
RHC, 35, 0, 0, 0, 0, 0, 446, 1.4136571100611909E-12
RHC, 35, 0, 0, 0, 0, 0, 447, 1.4136571100611909E-12
RHC, 35, 0, 0, 0, 0, 0, 448, 1.4136571100611909E-12
RHC, 35, 0, 0, 0, 0, 0, 449, 1.4136571100611909E-12
RHC, 35, 0, 0, 0, 0, 0, 450, 1.4136571100611909E-12
RHC, 35, 0, 0, 0, 0, 0, 451, 1.4136571100611909E-12
RHC, 35, 0, 0, 0, 0, 0, 452, 1.4136571100611909E-12
RHC, 35, 0, 0, 0, 0, 0, 453, 1.4136571100611909E-12
RHC, 35, 0, 0, 0, 0, 0, 454, 1.4136571466213523E-12
RHC, 35, 0, 0, 0, 0, 0, 455, 1.4136571466213523E-12
RHC, 35, 0, 0, 0, 0, 0, 456, 1.413657147069436E-12
RHC, 35, 0, 0, 0, 0, 0, 457, 1.4136571471886813E-12
RHC, 35, 0, 0, 0, 0, 0, 458, 1.4136571638230954E-12
RHC, 35, 0, 0, 0, 0, 0, 459, 1.4136571638230954E-12
RHC, 35, 0, 0, 0, 0, 0, 460, 1.4136571638230954E-12
RHC, 35, 0, 0, 0, 0, 0, 461, 1.4136571638230954E-12
RHC, 35, 0, 0, 0, 0, 0, 462, 1.4136571638230954E-12
RHC, 35, 0, 0, 0, 0, 0, 463, 1.4136571638230954E-12
RHC, 35, 0, 0, 0, 0, 0, 464, 1.4136571638230954E-12
RHC, 35, 0, 0, 0, 0, 0, 465, 1.4136571645646758E-12
RHC, 35, 0, 0, 0, 0, 0, 466, 1.4136571645646758E-12
RHC, 35, 0, 0, 0, 0, 0, 467, 1.4136571645646758E-12
RHC, 35, 0, 0, 0, 0, 0, 468, 1.4136571646121609E-12
RHC, 35, 0, 0, 0, 0, 0, 469, 1.4136571647862156E-12
RHC, 35, 0, 0, 0, 0, 0, 470, 1.4136571647862156E-12
RHC, 35, 0, 0, 0, 0, 0, 471, 1.4136571647862156E-12
RHC, 35, 0, 0, 0, 0, 0, 472, 1.4136571647862156E-12
RHC, 35, 0, 0, 0, 0, 0, 473, 1.4136571649214447E-12
RHC, 35, 0, 0, 0, 0, 0, 474, 1.4136571649214447E-12
RHC, 35, 0, 0, 0, 0, 0, 475, 1.413657170093072E-12
RHC, 35, 0, 0, 0, 0, 0, 476, 1.4136571704375285E-12
RHC, 35, 0, 0, 0, 0, 0, 477, 1.413657171867717E-12
RHC, 35, 0, 0, 0, 0, 0, 478, 1.4136571719428657E-12
RHC, 35, 0, 0, 0, 0, 0, 479, 1.413657172411299E-12
RHC, 35, 0, 0, 0, 0, 0, 480, 1.413657172411299E-12
RHC, 35, 0, 0, 0, 0, 0, 481, 1.4136571726180838E-12
RHC, 35, 0, 0, 0, 0, 0, 482, 1.4136571726180838E-12
RHC, 35, 0, 0, 0, 0, 0, 483, 1.4136571727034538E-12
RHC, 35, 0, 0, 0, 0, 0, 484, 1.4136571727034538E-12
RHC, 35, 0, 0, 0, 0, 0, 485, 1.4136571727331806E-12
RHC, 35, 0, 0, 0, 0, 0, 486, 1.4136571732437797E-12
RHC, 35, 0, 0, 0, 0, 0, 487, 1.4136571732437797E-12
RHC, 35, 0, 0, 0, 0, 0, 488, 1.4136571732437797E-12
RHC, 35, 0, 0, 0, 0, 0, 489, 1.4136571733658577E-12
RHC, 35, 0, 0, 0, 0, 0, 490, 1.4136571733658577E-12
RHC, 35, 0, 0, 0, 0, 0, 491, 1.4136571741242817E-12
RHC, 35, 0, 0, 0, 0, 0, 492, 1.4136571750115747E-12
RHC, 35, 0, 0, 0, 0, 0, 493, 1.4136571750115747E-12
RHC, 35, 0, 0, 0, 0, 0, 494, 1.4136571750115747E-12
RHC, 35, 0, 0, 0, 0, 0, 495, 1.4136571750115747E-12
RHC, 35, 0, 0, 0, 0, 0, 496, 1.4136571750115747E-12
RHC, 35, 0, 0, 0, 0, 0, 497, 1.4136571812798644E-12
RHC, 35, 0, 0, 0, 0, 0, 498, 1.413657270884756E-12
RHC, 35, 0, 0, 0, 0, 0, 499, 1.413657270884756E-12
SA, 35, 100.0, 0.95, 0, 0, 0, 0, 1.4136573519080051E-12
SA, 35, 100.0, 0.95, 0, 0, 0, 1, 1.41365735092186E-12
SA, 35, 100.0, 0.95, 0, 0, 0, 2, 1.41365735092186E-12
SA, 35, 100.0, 0.95, 0, 0, 0, 3, 1.4136573508203917E-12
SA, 35, 100.0, 0.95, 0, 0, 0, 4, 1.41365734933585E-12
SA, 35, 100.0, 0.95, 0, 0, 0, 5, 1.4136573495562014E-12
SA, 35, 100.0, 0.95, 0, 0, 0, 6, 1.4136573484917777E-12
SA, 35, 100.0, 0.95, 0, 0, 0, 7, 1.4136573484123839E-12
SA, 35, 100.0, 0.95, 0, 0, 0, 8, 1.4136573482827924E-12
SA, 35, 100.0, 0.95, 0, 0, 0, 9, 1.413657348139337E-12
SA, 35, 100.0, 0.95, 0, 0, 0, 10, 1.4136573481721762E-12
SA, 35, 100.0, 0.95, 0, 0, 0, 11, 1.4136573731363945E-12
SA, 35, 100.0, 0.95, 0, 0, 0, 12, 1.4136573736161193E-12
SA, 35, 100.0, 0.95, 0, 0, 0, 13, 1.413657374268523E-12
SA, 35, 100.0, 0.95, 0, 0, 0, 14, 1.4136573772604584E-12
SA, 35, 100.0, 0.95, 0, 0, 0, 15, 1.4136573769849533E-12
SA, 35, 100.0, 0.95, 0, 0, 0, 16, 1.4136573506757724E-12
SA, 35, 100.0, 0.95, 0, 0, 0, 17, 1.4136573506757724E-12
SA, 35, 100.0, 0.95, 0, 0, 0, 18, 1.4136573500930311E-12
SA, 35, 100.0, 0.95, 0, 0, 0, 19, 1.4136573499871986E-12
SA, 35, 100.0, 0.95, 0, 0, 0, 20, 1.4136573495967425E-12
SA, 35, 100.0, 0.95, 0, 0, 0, 21, 1.4136573496926706E-12
SA, 35, 100.0, 0.95, 0, 0, 0, 22, 1.4136573501365857E-12
SA, 35, 100.0, 0.95, 0, 0, 0, 23, 1.4136573628338756E-12
SA, 35, 100.0, 0.95, 0, 0, 0, 24, 1.4136573628211708E-12
SA, 35, 100.0, 0.95, 0, 0, 0, 25, 1.4136573628010733E-12
SA, 35, 100.0, 0.95, 0, 0, 0, 26, 1.413657362044756E-12
SA, 35, 100.0, 0.95, 0, 0, 0, 27, 1.4136573621952558E-12
SA, 35, 100.0, 0.95, 0, 0, 0, 28, 1.4136573612795097E-12
SA, 35, 100.0, 0.95, 0, 0, 0, 29, 1.413657348747477E-12
SA, 35, 100.0, 0.95, 0, 0, 0, 30, 1.4136573567681666E-12
SA, 35, 100.0, 0.95, 0, 0, 0, 31, 1.4136573504212613E-12
SA, 35, 100.0, 0.95, 0, 0, 0, 32, 1.4136573504269007E-12
SA, 35, 100.0, 0.95, 0, 0, 0, 33, 1.4136573502096949E-12
SA, 35, 100.0, 0.95, 0, 0, 0, 34, 1.4136573516698048E-12
SA, 35, 100.0, 0.95, 0, 0, 0, 35, 1.413657353345187E-12
SA, 35, 100.0, 0.95, 0, 0, 0, 36, 1.4136573530175627E-12
SA, 35, 100.0, 0.95, 0, 0, 0, 37, 1.4136573532812217E-12
SA, 35, 100.0, 0.95, 0, 0, 0, 38, 1.4136574531849265E-12
SA, 35, 100.0, 0.95, 0, 0, 0, 39, 1.4136574525725267E-12
SA, 35, 100.0, 0.95, 0, 0, 0, 40, 1.4136574683466909E-12
SA, 35, 100.0, 0.95, 0, 0, 0, 41, 1.413657468585612E-12
SA, 35, 100.0, 0.95, 0, 0, 0, 42, 1.4136574682774066E-12
SA, 35, 100.0, 0.95, 0, 0, 0, 43, 1.4136574675793284E-12
SA, 35, 100.0, 0.95, 0, 0, 0, 44, 1.4136574556822698E-12
SA, 35, 100.0, 0.95, 0, 0, 0, 45, 1.4136574557803601E-12
SA, 35, 100.0, 0.95, 0, 0, 0, 46, 1.4136574389438886E-12
SA, 35, 100.0, 0.95, 0, 0, 0, 47, 1.4136574389438886E-12
SA, 35, 100.0, 0.95, 0, 0, 0, 48, 1.4136574387785478E-12
SA, 35, 100.0, 0.95, 0, 0, 0, 49, 1.413657436743847E-12
SA, 35, 100.0, 0.95, 0, 0, 0, 50, 1.4136574389327144E-12
SA, 35, 100.0, 0.95, 0, 0, 0, 51, 1.41365743483523E-12
SA, 35, 100.0, 0.95, 0, 0, 0, 52, 1.4136574347599309E-12
SA, 35, 100.0, 0.95, 0, 0, 0, 53, 1.413657434686936E-12
SA, 35, 100.0, 0.95, 0, 0, 0, 54, 1.4136574344169547E-12
SA, 35, 100.0, 0.95, 0, 0, 0, 55, 1.4136574004762914E-12
SA, 35, 100.0, 0.95, 0, 0, 0, 56, 1.413657400070839E-12
SA, 35, 100.0, 0.95, 0, 0, 0, 57, 1.4136574006023936E-12
SA, 35, 100.0, 0.95, 0, 0, 0, 58, 1.4136574001757789E-12
SA, 35, 100.0, 0.95, 0, 0, 0, 59, 1.4136573999443404E-12
SA, 35, 100.0, 0.95, 0, 0, 0, 60, 1.4136574000026762E-12
SA, 35, 100.0, 0.95, 0, 0, 0, 61, 1.413657404220169E-12
SA, 35, 100.0, 0.95, 0, 0, 0, 62, 1.413657404239065E-12
SA, 35, 100.0, 0.95, 0, 0, 0, 63, 1.4136575540192525E-12
SA, 35, 100.0, 0.95, 0, 0, 0, 64, 1.413657554337609E-12
SA, 35, 100.0, 0.95, 0, 0, 0, 65, 1.4136575570490004E-12
SA, 35, 100.0, 0.95, 0, 0, 0, 66, 1.4136575600897412E-12
SA, 35, 100.0, 0.95, 0, 0, 0, 67, 1.4136575618362726E-12
SA, 35, 100.0, 0.95, 0, 0, 0, 68, 1.4136575617284583E-12
SA, 35, 100.0, 0.95, 0, 0, 0, 69, 1.4136575753860917E-12
SA, 35, 100.0, 0.95, 0, 0, 0, 70, 1.4136575754030105E-12
SA, 35, 100.0, 0.95, 0, 0, 0, 71, 1.4136575556164062E-12
SA, 35, 100.0, 0.95, 0, 0, 0, 72, 1.4136575553690103E-12
SA, 35, 100.0, 0.95, 0, 0, 0, 73, 1.4136575498170558E-12
SA, 35, 100.0, 0.95, 0, 0, 0, 74, 1.4136575500945208E-12
SA, 35, 100.0, 0.95, 0, 0, 0, 75, 1.4136575501723166E-12
SA, 35, 100.0, 0.95, 0, 0, 0, 76, 1.4136575499538312E-12
SA, 35, 100.0, 0.95, 0, 0, 0, 77, 1.4136575494946072E-12
SA, 35, 100.0, 0.95, 0, 0, 0, 78, 1.413657547681033E-12
SA, 35, 100.0, 0.95, 0, 0, 0, 79, 1.4136575808742783E-12
SA, 35, 100.0, 0.95, 0, 0, 0, 80, 1.4136575811835657E-12
SA, 35, 100.0, 0.95, 0, 0, 0, 81, 1.4136575547988876E-12
SA, 35, 100.0, 0.95, 0, 0, 0, 82, 1.4136575575993065E-12
SA, 35, 100.0, 0.95, 0, 0, 0, 83, 1.4136575575997969E-12
SA, 35, 100.0, 0.95, 0, 0, 0, 84, 1.4136575594207142E-12
SA, 35, 100.0, 0.95, 0, 0, 0, 85, 1.4136575594207142E-12
SA, 35, 100.0, 0.95, 0, 0, 0, 86, 1.4136575645699775E-12
SA, 35, 100.0, 0.95, 0, 0, 0, 87, 1.413657643570314E-12
SA, 35, 100.0, 0.95, 0, 0, 0, 88, 1.4136576442049317E-12
SA, 35, 100.0, 0.95, 0, 0, 0, 89, 1.4136575650909073E-12
SA, 35, 100.0, 0.95, 0, 0, 0, 90, 1.4136575631319905E-12
SA, 35, 100.0, 0.95, 0, 0, 0, 91, 1.4136575630335744E-12
SA, 35, 100.0, 0.95, 0, 0, 0, 92, 1.4136575612720383E-12
SA, 35, 100.0, 0.95, 0, 0, 0, 93, 1.4136575591733422E-12
SA, 35, 100.0, 0.95, 0, 0, 0, 94, 1.4136575592055515E-12
SA, 35, 100.0, 0.95, 0, 0, 0, 95, 1.4136575584165028E-12
SA, 35, 100.0, 0.95, 0, 0, 0, 96, 1.4136575408464562E-12
SA, 35, 100.0, 0.95, 0, 0, 0, 97, 1.41365754081983E-12
SA, 35, 100.0, 0.95, 0, 0, 0, 98, 1.41365754081983E-12
SA, 35, 100.0, 0.95, 0, 0, 0, 99, 1.4136575418409344E-12
SA, 35, 100.0, 0.95, 0, 0, 0, 100, 1.4136575431148645E-12
SA, 35, 100.0, 0.95, 0, 0, 0, 101, 1.4136575431166764E-12
SA, 35, 100.0, 0.95, 0, 0, 0, 102, 1.4136575494601163E-12
SA, 35, 100.0, 0.95, 0, 0, 0, 103, 1.413657547630403E-12
SA, 35, 100.0, 0.95, 0, 0, 0, 104, 1.4136575477689245E-12
SA, 35, 100.0, 0.95, 0, 0, 0, 105, 1.4136575509027798E-12
SA, 35, 100.0, 0.95, 0, 0, 0, 106, 1.4136575509330943E-12
SA, 35, 100.0, 0.95, 0, 0, 0, 107, 1.4136575511696526E-12
SA, 35, 100.0, 0.95, 0, 0, 0, 108, 1.4136575357997737E-12
SA, 35, 100.0, 0.95, 0, 0, 0, 109, 1.4136575429077927E-12
SA, 35, 100.0, 0.95, 0, 0, 0, 110, 1.4136575848319114E-12
SA, 35, 100.0, 0.95, 0, 0, 0, 111, 1.4136575848188232E-12
SA, 35, 100.0, 0.95, 0, 0, 0, 112, 1.4136575850415547E-12
SA, 35, 100.0, 0.95, 0, 0, 0, 113, 1.4136575853998236E-12
SA, 35, 100.0, 0.95, 0, 0, 0, 114, 1.413657591613996E-12
SA, 35, 100.0, 0.95, 0, 0, 0, 115, 1.413657591613996E-12
SA, 35, 100.0, 0.95, 0, 0, 0, 116, 1.4136575876502323E-12
SA, 35, 100.0, 0.95, 0, 0, 0, 117, 1.4136575911420157E-12
SA, 35, 100.0, 0.95, 0, 0, 0, 118, 1.4136575930037079E-12
SA, 35, 100.0, 0.95, 0, 0, 0, 119, 1.413657601116E-12
SA, 35, 100.0, 0.95, 0, 0, 0, 120, 1.4136576009972378E-12
SA, 35, 100.0, 0.95, 0, 0, 0, 121, 1.4136576029458855E-12
SA, 35, 100.0, 0.95, 0, 0, 0, 122, 1.4136575985270925E-12
SA, 35, 100.0, 0.95, 0, 0, 0, 123, 1.4136575984335224E-12
SA, 35, 100.0, 0.95, 0, 0, 0, 124, 1.4136575989903066E-12
SA, 35, 100.0, 0.95, 0, 0, 0, 125, 1.4136576143218E-12
SA, 35, 100.0, 0.95, 0, 0, 0, 126, 1.4136576142808178E-12
SA, 35, 100.0, 0.95, 0, 0, 0, 127, 1.4136576149628552E-12
SA, 35, 100.0, 0.95, 0, 0, 0, 128, 1.4136576326580362E-12
SA, 35, 100.0, 0.95, 0, 0, 0, 129, 1.413657601063466E-12
SA, 35, 100.0, 0.95, 0, 0, 0, 130, 1.413657601063466E-12
SA, 35, 100.0, 0.95, 0, 0, 0, 131, 1.413657601767739E-12
SA, 35, 100.0, 0.95, 0, 0, 0, 132, 1.4136576011480381E-12
SA, 35, 100.0, 0.95, 0, 0, 0, 133, 1.4136576018071759E-12
SA, 35, 100.0, 0.95, 0, 0, 0, 134, 1.4136576019678127E-12
SA, 35, 100.0, 0.95, 0, 0, 0, 135, 1.413657491008811E-12
SA, 35, 100.0, 0.95, 0, 0, 0, 136, 1.4136574910992818E-12
SA, 35, 100.0, 0.95, 0, 0, 0, 137, 1.413657492180413E-12
SA, 35, 100.0, 0.95, 0, 0, 0, 138, 1.413657491426592E-12
SA, 35, 100.0, 0.95, 0, 0, 0, 139, 1.413657493848015E-12
SA, 35, 100.0, 0.95, 0, 0, 0, 140, 1.413657479588579E-12
SA, 35, 100.0, 0.95, 0, 0, 0, 141, 1.4136574601840367E-12
SA, 35, 100.0, 0.95, 0, 0, 0, 142, 1.4136574601840367E-12
SA, 35, 100.0, 0.95, 0, 0, 0, 143, 1.4136574605208048E-12
SA, 35, 100.0, 0.95, 0, 0, 0, 144, 1.4136574610594807E-12
SA, 35, 100.0, 0.95, 0, 0, 0, 145, 1.4136574610594807E-12
SA, 35, 100.0, 0.95, 0, 0, 0, 146, 1.4136574600921966E-12
SA, 35, 100.0, 0.95, 0, 0, 0, 147, 1.4136574600921966E-12
SA, 35, 100.0, 0.95, 0, 0, 0, 148, 1.413657461520406E-12
SA, 35, 100.0, 0.95, 0, 0, 0, 149, 1.4136574583539614E-12
SA, 35, 100.0, 0.95, 0, 0, 0, 150, 1.4136574625607158E-12
SA, 35, 100.0, 0.95, 0, 0, 0, 151, 1.4136574775588006E-12
SA, 35, 100.0, 0.95, 0, 0, 0, 152, 1.4136574824222076E-12
SA, 35, 100.0, 0.95, 0, 0, 0, 153, 1.4136574866449948E-12
SA, 35, 100.0, 0.95, 0, 0, 0, 154, 1.4136574864437445E-12
SA, 35, 100.0, 0.95, 0, 0, 0, 155, 1.4136576265949049E-12
SA, 35, 100.0, 0.95, 0, 0, 0, 156, 1.4136576299748279E-12
SA, 35, 100.0, 0.95, 0, 0, 0, 157, 1.4136576299007203E-12
SA, 35, 100.0, 0.95, 0, 0, 0, 158, 1.4136576247091235E-12
SA, 35, 100.0, 0.95, 0, 0, 0, 159, 1.4136576247091235E-12
SA, 35, 100.0, 0.95, 0, 0, 0, 160, 1.4136576250870823E-12
SA, 35, 100.0, 0.95, 0, 0, 0, 161, 1.4136576251235574E-12
SA, 35, 100.0, 0.95, 0, 0, 0, 162, 1.413657625131141E-12
SA, 35, 100.0, 0.95, 0, 0, 0, 163, 1.413657623762134E-12
SA, 35, 100.0, 0.95, 0, 0, 0, 164, 1.4136576237492723E-12
SA, 35, 100.0, 0.95, 0, 0, 0, 165, 1.4136576239523526E-12
SA, 35, 100.0, 0.95, 0, 0, 0, 166, 1.41365762342087E-12
SA, 35, 100.0, 0.95, 0, 0, 0, 167, 1.4136576234183102E-12
SA, 35, 100.0, 0.95, 0, 0, 0, 168, 1.413657624015872E-12
SA, 35, 100.0, 0.95, 0, 0, 0, 169, 1.413657623867718E-12
SA, 35, 100.0, 0.95, 0, 0, 0, 170, 1.4136576238595668E-12
SA, 35, 100.0, 0.95, 0, 0, 0, 171, 1.4136576234337732E-12
SA, 35, 100.0, 0.95, 0, 0, 0, 172, 1.4136576248541388E-12
SA, 35, 100.0, 0.95, 0, 0, 0, 173, 1.4136576241644073E-12
SA, 35, 100.0, 0.95, 0, 0, 0, 174, 1.413657626728831E-12
SA, 35, 100.0, 0.95, 0, 0, 0, 175, 1.413657612204219E-12
SA, 35, 100.0, 0.95, 0, 0, 0, 176, 1.4136576121937298E-12
SA, 35, 100.0, 0.95, 0, 0, 0, 177, 1.4136576119070857E-12
SA, 35, 100.0, 0.95, 0, 0, 0, 178, 1.4136576119070913E-12
SA, 35, 100.0, 0.95, 0, 0, 0, 179, 1.413657611415461E-12
SA, 35, 100.0, 0.95, 0, 0, 0, 180, 1.4136576140065086E-12
SA, 35, 100.0, 0.95, 0, 0, 0, 181, 1.4136576155855599E-12
SA, 35, 100.0, 0.95, 0, 0, 0, 182, 1.413657615135394E-12
SA, 35, 100.0, 0.95, 0, 0, 0, 183, 1.4136576137488471E-12
SA, 35, 100.0, 0.95, 0, 0, 0, 184, 1.4136576063664415E-12
SA, 35, 100.0, 0.95, 0, 0, 0, 185, 1.4136576073838714E-12
SA, 35, 100.0, 0.95, 0, 0, 0, 186, 1.4136576200320153E-12
SA, 35, 100.0, 0.95, 0, 0, 0, 187, 1.4136576205705982E-12
SA, 35, 100.0, 0.95, 0, 0, 0, 188, 1.4136576196278492E-12
SA, 35, 100.0, 0.95, 0, 0, 0, 189, 1.4136576196826864E-12
SA, 35, 100.0, 0.95, 0, 0, 0, 190, 1.413657618834505E-12
SA, 35, 100.0, 0.95, 0, 0, 0, 191, 1.4136576183569625E-12
SA, 35, 100.0, 0.95, 0, 0, 0, 192, 1.4136576131299652E-12
SA, 35, 100.0, 0.95, 0, 0, 0, 193, 1.413657616275788E-12
SA, 35, 100.0, 0.95, 0, 0, 0, 194, 1.413657616163488E-12
SA, 35, 100.0, 0.95, 0, 0, 0, 195, 1.4136576125359332E-12
SA, 35, 100.0, 0.95, 0, 0, 0, 196, 1.41365763251386E-12
SA, 35, 100.0, 0.95, 0, 0, 0, 197, 1.413657626782483E-12
SA, 35, 100.0, 0.95, 0, 0, 0, 198, 1.4136576267764702E-12
SA, 35, 100.0, 0.95, 0, 0, 0, 199, 1.413657627747192E-12
SA, 35, 100.0, 0.95, 0, 0, 0, 200, 1.4136576212246862E-12
SA, 35, 100.0, 0.95, 0, 0, 0, 201, 1.4136576212246339E-12
SA, 35, 100.0, 0.95, 0, 0, 0, 202, 1.4136576212589241E-12
SA, 35, 100.0, 0.95, 0, 0, 0, 203, 1.4136576211721865E-12
SA, 35, 100.0, 0.95, 0, 0, 0, 204, 1.4136576211186318E-12
SA, 35, 100.0, 0.95, 0, 0, 0, 205, 1.4136576246859045E-12
SA, 35, 100.0, 0.95, 0, 0, 0, 206, 1.4136576247678762E-12
SA, 35, 100.0, 0.95, 0, 0, 0, 207, 1.4136576287751605E-12
SA, 35, 100.0, 0.95, 0, 0, 0, 208, 1.4136576287751605E-12
SA, 35, 100.0, 0.95, 0, 0, 0, 209, 1.4136576283236877E-12
SA, 35, 100.0, 0.95, 0, 0, 0, 210, 1.4136576553881462E-12
SA, 35, 100.0, 0.95, 0, 0, 0, 211, 1.4136576460120269E-12
SA, 35, 100.0, 0.95, 0, 0, 0, 212, 1.4136576423223348E-12
SA, 35, 100.0, 0.95, 0, 0, 0, 213, 1.413657642934567E-12
SA, 35, 100.0, 0.95, 0, 0, 0, 214, 1.4136576427494268E-12
SA, 35, 100.0, 0.95, 0, 0, 0, 215, 1.4136576430770115E-12
SA, 35, 100.0, 0.95, 0, 0, 0, 216, 1.4136576425661332E-12
SA, 35, 100.0, 0.95, 0, 0, 0, 217, 1.4136576438015592E-12
SA, 35, 100.0, 0.95, 0, 0, 0, 218, 1.4136576435520685E-12
SA, 35, 100.0, 0.95, 0, 0, 0, 219, 1.4136576436649213E-12
SA, 35, 100.0, 0.95, 0, 0, 0, 220, 1.413657639975803E-12
SA, 35, 100.0, 0.95, 0, 0, 0, 221, 1.4136576399068887E-12
SA, 35, 100.0, 0.95, 0, 0, 0, 222, 1.4136576391334407E-12
SA, 35, 100.0, 0.95, 0, 0, 0, 223, 1.413657644933697E-12
SA, 35, 100.0, 0.95, 0, 0, 0, 224, 1.413657644933697E-12
SA, 35, 100.0, 0.95, 0, 0, 0, 225, 1.4136576414033354E-12
SA, 35, 100.0, 0.95, 0, 0, 0, 226, 1.4136576413698226E-12
SA, 35, 100.0, 0.95, 0, 0, 0, 227, 1.4136576413689749E-12
SA, 35, 100.0, 0.95, 0, 0, 0, 228, 1.4136576390988247E-12
SA, 35, 100.0, 0.95, 0, 0, 0, 229, 1.4136576393925284E-12
SA, 35, 100.0, 0.95, 0, 0, 0, 230, 1.4136576354516731E-12
SA, 35, 100.0, 0.95, 0, 0, 0, 231, 1.4136576383729497E-12
SA, 35, 100.0, 0.95, 0, 0, 0, 232, 1.41365763796205E-12
SA, 35, 100.0, 0.95, 0, 0, 0, 233, 1.41365763796205E-12
SA, 35, 100.0, 0.95, 0, 0, 0, 234, 1.4136576311595743E-12
SA, 35, 100.0, 0.95, 0, 0, 0, 235, 1.413657628060198E-12
SA, 35, 100.0, 0.95, 0, 0, 0, 236, 1.4136576267694255E-12
SA, 35, 100.0, 0.95, 0, 0, 0, 237, 1.4136576287327578E-12
SA, 35, 100.0, 0.95, 0, 0, 0, 238, 1.4136576286497912E-12
SA, 35, 100.0, 0.95, 0, 0, 0, 239, 1.4136576243129783E-12
SA, 35, 100.0, 0.95, 0, 0, 0, 240, 1.4136576221328534E-12
SA, 35, 100.0, 0.95, 0, 0, 0, 241, 1.4136576221872318E-12
SA, 35, 100.0, 0.95, 0, 0, 0, 242, 1.4136576221872318E-12
SA, 35, 100.0, 0.95, 0, 0, 0, 243, 1.4136576219720946E-12
SA, 35, 100.0, 0.95, 0, 0, 0, 244, 1.4136576220821409E-12
SA, 35, 100.0, 0.95, 0, 0, 0, 245, 1.4136576191701279E-12
SA, 35, 100.0, 0.95, 0, 0, 0, 246, 1.4136576191701279E-12
SA, 35, 100.0, 0.95, 0, 0, 0, 247, 1.4136576191807253E-12
SA, 35, 100.0, 0.95, 0, 0, 0, 248, 1.4136576178951681E-12
SA, 35, 100.0, 0.95, 0, 0, 0, 249, 1.4136576170417683E-12
SA, 35, 100.0, 0.95, 0, 0, 0, 250, 1.4136576083200414E-12
SA, 35, 100.0, 0.95, 0, 0, 0, 251, 1.4136576082984382E-12
SA, 35, 100.0, 0.95, 0, 0, 0, 252, 1.4136576470431356E-12
SA, 35, 100.0, 0.95, 0, 0, 0, 253, 1.4136576471316538E-12
SA, 35, 100.0, 0.95, 0, 0, 0, 254, 1.4136576452625623E-12
SA, 35, 100.0, 0.95, 0, 0, 0, 255, 1.4136576433549668E-12
SA, 35, 100.0, 0.95, 0, 0, 0, 256, 1.413657640347052E-12
SA, 35, 100.0, 0.95, 0, 0, 0, 257, 1.413657640240611E-12
SA, 35, 100.0, 0.95, 0, 0, 0, 258, 1.4136576392876626E-12
SA, 35, 100.0, 0.95, 0, 0, 0, 259, 1.413657638696517E-12
SA, 35, 100.0, 0.95, 0, 0, 0, 260, 1.4136576393223638E-12
SA, 35, 100.0, 0.95, 0, 0, 0, 261, 1.4136576390720231E-12
SA, 35, 100.0, 0.95, 0, 0, 0, 262, 1.413657637746622E-12
SA, 35, 100.0, 0.95, 0, 0, 0, 263, 1.413657637746622E-12
SA, 35, 100.0, 0.95, 0, 0, 0, 264, 1.413657637746622E-12
SA, 35, 100.0, 0.95, 0, 0, 0, 265, 1.4136576386376222E-12
SA, 35, 100.0, 0.95, 0, 0, 0, 266, 1.4136576387230551E-12
SA, 35, 100.0, 0.95, 0, 0, 0, 267, 1.413657640384383E-12
SA, 35, 100.0, 0.95, 0, 0, 0, 268, 1.4136576392473547E-12
SA, 35, 100.0, 0.95, 0, 0, 0, 269, 1.4136576399567758E-12
SA, 35, 100.0, 0.95, 0, 0, 0, 270, 1.4136576361013708E-12
SA, 35, 100.0, 0.95, 0, 0, 0, 271, 1.413657632572538E-12
SA, 35, 100.0, 0.95, 0, 0, 0, 272, 1.4136576271737009E-12
SA, 35, 100.0, 0.95, 0, 0, 0, 273, 1.4136576232348138E-12
SA, 35, 100.0, 0.95, 0, 0, 0, 274, 1.4136576232348138E-12
SA, 35, 100.0, 0.95, 0, 0, 0, 275, 1.4136576232459822E-12
SA, 35, 100.0, 0.95, 0, 0, 0, 276, 1.4136576115263932E-12
SA, 35, 100.0, 0.95, 0, 0, 0, 277, 1.4136577123897763E-12
SA, 35, 100.0, 0.95, 0, 0, 0, 278, 1.4136577121688557E-12
SA, 35, 100.0, 0.95, 0, 0, 0, 279, 1.413657715342293E-12
SA, 35, 100.0, 0.95, 0, 0, 0, 280, 1.4136577156014587E-12
SA, 35, 100.0, 0.95, 0, 0, 0, 281, 1.4136577192085991E-12
SA, 35, 100.0, 0.95, 0, 0, 0, 282, 1.4136577190180394E-12
SA, 35, 100.0, 0.95, 0, 0, 0, 283, 1.41365771824376E-12
SA, 35, 100.0, 0.95, 0, 0, 0, 284, 1.4136577196175515E-12
SA, 35, 100.0, 0.95, 0, 0, 0, 285, 1.4136577196175515E-12
SA, 35, 100.0, 0.95, 0, 0, 0, 286, 1.4136577213540104E-12
SA, 35, 100.0, 0.95, 0, 0, 0, 287, 1.4136577213540075E-12
SA, 35, 100.0, 0.95, 0, 0, 0, 288, 1.4136577213540075E-12
SA, 35, 100.0, 0.95, 0, 0, 0, 289, 1.4136577888245936E-12
SA, 35, 100.0, 0.95, 0, 0, 0, 290, 1.4136578770996575E-12
SA, 35, 100.0, 0.95, 0, 0, 0, 291, 1.4136578757517485E-12
SA, 35, 100.0, 0.95, 0, 0, 0, 292, 1.4136578767163316E-12
SA, 35, 100.0, 0.95, 0, 0, 0, 293, 1.4136578777730633E-12
SA, 35, 100.0, 0.95, 0, 0, 0, 294, 1.4136578689896508E-12
SA, 35, 100.0, 0.95, 0, 0, 0, 295, 1.4136578680949645E-12
SA, 35, 100.0, 0.95, 0, 0, 0, 296, 1.413657868341989E-12
SA, 35, 100.0, 0.95, 0, 0, 0, 297, 1.413657868671506E-12
SA, 35, 100.0, 0.95, 0, 0, 0, 298, 1.4136578695520326E-12
SA, 35, 100.0, 0.95, 0, 0, 0, 299, 1.41365786935837E-12
SA, 35, 100.0, 0.95, 0, 0, 0, 300, 1.413657862625285E-12
SA, 35, 100.0, 0.95, 0, 0, 0, 301, 1.413657862625285E-12
SA, 35, 100.0, 0.95, 0, 0, 0, 302, 1.4136578629601978E-12
SA, 35, 100.0, 0.95, 0, 0, 0, 303, 1.4136578633798924E-12
SA, 35, 100.0, 0.95, 0, 0, 0, 304, 1.4136578703165135E-12
SA, 35, 100.0, 0.95, 0, 0, 0, 305, 1.4136578709320748E-12
SA, 35, 100.0, 0.95, 0, 0, 0, 306, 1.4136578709320748E-12
SA, 35, 100.0, 0.95, 0, 0, 0, 307, 1.4136578719092526E-12
SA, 35, 100.0, 0.95, 0, 0, 0, 308, 1.4136578721068997E-12
SA, 35, 100.0, 0.95, 0, 0, 0, 309, 1.4136578702386345E-12
SA, 35, 100.0, 0.95, 0, 0, 0, 310, 1.4136578726235588E-12
SA, 35, 100.0, 0.95, 0, 0, 0, 311, 1.4136578726235588E-12
SA, 35, 100.0, 0.95, 0, 0, 0, 312, 1.413657872351481E-12
SA, 35, 100.0, 0.95, 0, 0, 0, 313, 1.4136578719922441E-12
SA, 35, 100.0, 0.95, 0, 0, 0, 314, 1.4136578716754864E-12
SA, 35, 100.0, 0.95, 0, 0, 0, 315, 1.4136578704101899E-12
SA, 35, 100.0, 0.95, 0, 0, 0, 316, 1.413657864191195E-12
SA, 35, 100.0, 0.95, 0, 0, 0, 317, 1.413657864191195E-12
SA, 35, 100.0, 0.95, 0, 0, 0, 318, 1.413657860910387E-12
SA, 35, 100.0, 0.95, 0, 0, 0, 319, 1.4136578623274466E-12
SA, 35, 100.0, 0.95, 0, 0, 0, 320, 1.41365786932999E-12
SA, 35, 100.0, 0.95, 0, 0, 0, 321, 1.4136578738892627E-12
SA, 35, 100.0, 0.95, 0, 0, 0, 322, 1.413657873609849E-12
SA, 35, 100.0, 0.95, 0, 0, 0, 323, 1.413657873609849E-12
SA, 35, 100.0, 0.95, 0, 0, 0, 324, 1.413657873418746E-12
SA, 35, 100.0, 0.95, 0, 0, 0, 325, 1.4136578729572432E-12
SA, 35, 100.0, 0.95, 0, 0, 0, 326, 1.4136578479889836E-12
SA, 35, 100.0, 0.95, 0, 0, 0, 327, 1.413657847991102E-12
SA, 35, 100.0, 0.95, 0, 0, 0, 328, 1.4136578459831595E-12
SA, 35, 100.0, 0.95, 0, 0, 0, 329, 1.4136578462877261E-12
SA, 35, 100.0, 0.95, 0, 0, 0, 330, 1.4136578411138425E-12
SA, 35, 100.0, 0.95, 0, 0, 0, 331, 1.413657841623186E-12
SA, 35, 100.0, 0.95, 0, 0, 0, 332, 1.4136578235322122E-12
SA, 35, 100.0, 0.95, 0, 0, 0, 333, 1.4136578251475562E-12
SA, 35, 100.0, 0.95, 0, 0, 0, 334, 1.4136578434168767E-12
SA, 35, 100.0, 0.95, 0, 0, 0, 335, 1.4136578438742831E-12
SA, 35, 100.0, 0.95, 0, 0, 0, 336, 1.413657849884451E-12
SA, 35, 100.0, 0.95, 0, 0, 0, 337, 1.4136578499045683E-12
SA, 35, 100.0, 0.95, 0, 0, 0, 338, 1.4136578492416731E-12
SA, 35, 100.0, 0.95, 0, 0, 0, 339, 1.4136578496926849E-12
SA, 35, 100.0, 0.95, 0, 0, 0, 340, 1.4136578497127963E-12
SA, 35, 100.0, 0.95, 0, 0, 0, 341, 1.4136578497380435E-12
SA, 35, 100.0, 0.95, 0, 0, 0, 342, 1.4136578511368285E-12
SA, 35, 100.0, 0.95, 0, 0, 0, 343, 1.4136578479530293E-12
SA, 35, 100.0, 0.95, 0, 0, 0, 344, 1.4136578486209243E-12
SA, 35, 100.0, 0.95, 0, 0, 0, 345, 1.4136578454621744E-12
SA, 35, 100.0, 0.95, 0, 0, 0, 346, 1.413657845480807E-12
SA, 35, 100.0, 0.95, 0, 0, 0, 347, 1.4136578452460872E-12
SA, 35, 100.0, 0.95, 0, 0, 0, 348, 1.4136578454925228E-12
SA, 35, 100.0, 0.95, 0, 0, 0, 349, 1.4136577570262472E-12
SA, 35, 100.0, 0.95, 0, 0, 0, 350, 1.413657757055143E-12
SA, 35, 100.0, 0.95, 0, 0, 0, 351, 1.4136577918492026E-12
SA, 35, 100.0, 0.95, 0, 0, 0, 352, 1.4136577919386275E-12
SA, 35, 100.0, 0.95, 0, 0, 0, 353, 1.4136577904453355E-12
SA, 35, 100.0, 0.95, 0, 0, 0, 354, 1.4136577905089517E-12
SA, 35, 100.0, 0.95, 0, 0, 0, 355, 1.4136577830661798E-12
SA, 35, 100.0, 0.95, 0, 0, 0, 356, 1.4136577790417832E-12
SA, 35, 100.0, 0.95, 0, 0, 0, 357, 1.4136577768265947E-12
SA, 35, 100.0, 0.95, 0, 0, 0, 358, 1.413657775482333E-12
SA, 35, 100.0, 0.95, 0, 0, 0, 359, 1.413657775482333E-12
SA, 35, 100.0, 0.95, 0, 0, 0, 360, 1.413657776510724E-12
SA, 35, 100.0, 0.95, 0, 0, 0, 361, 1.4136577780065664E-12
SA, 35, 100.0, 0.95, 0, 0, 0, 362, 1.413657772520172E-12
SA, 35, 100.0, 0.95, 0, 0, 0, 363, 1.4136577725844448E-12
SA, 35, 100.0, 0.95, 0, 0, 0, 364, 1.4136577720812528E-12
SA, 35, 100.0, 0.95, 0, 0, 0, 365, 1.4136577720667327E-12
SA, 35, 100.0, 0.95, 0, 0, 0, 366, 1.4136577681988646E-12
SA, 35, 100.0, 0.95, 0, 0, 0, 367, 1.4136577681022105E-12
SA, 35, 100.0, 0.95, 0, 0, 0, 368, 1.4136577680971937E-12
SA, 35, 100.0, 0.95, 0, 0, 0, 369, 1.4136577681878746E-12
SA, 35, 100.0, 0.95, 0, 0, 0, 370, 1.41365776816978E-12
SA, 35, 100.0, 0.95, 0, 0, 0, 371, 1.4136577684559615E-12
SA, 35, 100.0, 0.95, 0, 0, 0, 372, 1.413657778469642E-12
SA, 35, 100.0, 0.95, 0, 0, 0, 373, 1.4136577789001368E-12
SA, 35, 100.0, 0.95, 0, 0, 0, 374, 1.4136577800847364E-12
SA, 35, 100.0, 0.95, 0, 0, 0, 375, 1.4136577690726287E-12
SA, 35, 100.0, 0.95, 0, 0, 0, 376, 1.4136577594715423E-12
SA, 35, 100.0, 0.95, 0, 0, 0, 377, 1.4136577587828704E-12
SA, 35, 100.0, 0.95, 0, 0, 0, 378, 1.4136577562967417E-12
SA, 35, 100.0, 0.95, 0, 0, 0, 379, 1.4136577562091513E-12
SA, 35, 100.0, 0.95, 0, 0, 0, 380, 1.4136577431726117E-12
SA, 35, 100.0, 0.95, 0, 0, 0, 381, 1.413657743391893E-12
SA, 35, 100.0, 0.95, 0, 0, 0, 382, 1.4136577433753813E-12
SA, 35, 100.0, 0.95, 0, 0, 0, 383, 1.413657741755682E-12
SA, 35, 100.0, 0.95, 0, 0, 0, 384, 1.4136577393965955E-12
SA, 35, 100.0, 0.95, 0, 0, 0, 385, 1.4136577377879345E-12
SA, 35, 100.0, 0.95, 0, 0, 0, 386, 1.41365773969223E-12
SA, 35, 100.0, 0.95, 0, 0, 0, 387, 1.413657740000528E-12
SA, 35, 100.0, 0.95, 0, 0, 0, 388, 1.4136577431181331E-12
SA, 35, 100.0, 0.95, 0, 0, 0, 389, 1.4136577400258725E-12
SA, 35, 100.0, 0.95, 0, 0, 0, 390, 1.4136577400258725E-12
SA, 35, 100.0, 0.95, 0, 0, 0, 391, 1.4136577399210873E-12
SA, 35, 100.0, 0.95, 0, 0, 0, 392, 1.4136577426129711E-12
SA, 35, 100.0, 0.95, 0, 0, 0, 393, 1.413657753301754E-12
SA, 35, 100.0, 0.95, 0, 0, 0, 394, 1.413657753301754E-12
SA, 35, 100.0, 0.95, 0, 0, 0, 395, 1.413657753301754E-12
SA, 35, 100.0, 0.95, 0, 0, 0, 396, 1.4136577530762408E-12
SA, 35, 100.0, 0.95, 0, 0, 0, 397, 1.413657748315013E-12
SA, 35, 100.0, 0.95, 0, 0, 0, 398, 1.4136577484157972E-12
SA, 35, 100.0, 0.95, 0, 0, 0, 399, 1.4136577484157972E-12
SA, 35, 100.0, 0.95, 0, 0, 0, 400, 1.4136577481401108E-12
SA, 35, 100.0, 0.95, 0, 0, 0, 401, 1.4136577439955854E-12
SA, 35, 100.0, 0.95, 0, 0, 0, 402, 1.4136577437253372E-12
SA, 35, 100.0, 0.95, 0, 0, 0, 403, 1.4136576844250556E-12
SA, 35, 100.0, 0.95, 0, 0, 0, 404, 1.4136576842873621E-12
SA, 35, 100.0, 0.95, 0, 0, 0, 405, 1.4136575678512067E-12
SA, 35, 100.0, 0.95, 0, 0, 0, 406, 1.4136575706003086E-12
SA, 35, 100.0, 0.95, 0, 0, 0, 407, 1.4136575705811667E-12
SA, 35, 100.0, 0.95, 0, 0, 0, 408, 1.413657570555983E-12
SA, 35, 100.0, 0.95, 0, 0, 0, 409, 1.4136575721417114E-12
SA, 35, 100.0, 0.95, 0, 0, 0, 410, 1.4136575703997355E-12
SA, 35, 100.0, 0.95, 0, 0, 0, 411, 1.4136575698386792E-12
SA, 35, 100.0, 0.95, 0, 0, 0, 412, 1.4136575646743917E-12
SA, 35, 100.0, 0.95, 0, 0, 0, 413, 1.413657556489769E-12
SA, 35, 100.0, 0.95, 0, 0, 0, 414, 1.4136575550042174E-12
SA, 35, 100.0, 0.95, 0, 0, 0, 415, 1.4136575549277434E-12
SA, 35, 100.0, 0.95, 0, 0, 0, 416, 1.413657556292858E-12
SA, 35, 100.0, 0.95, 0, 0, 0, 417, 1.4136575562928557E-12
SA, 35, 100.0, 0.95, 0, 0, 0, 418, 1.4136575506468708E-12
SA, 35, 100.0, 0.95, 0, 0, 0, 419, 1.4136575509074414E-12
SA, 35, 100.0, 0.95, 0, 0, 0, 420, 1.4136575514013383E-12
SA, 35, 100.0, 0.95, 0, 0, 0, 421, 1.4136575510603404E-12
SA, 35, 100.0, 0.95, 0, 0, 0, 422, 1.4136575512965952E-12
SA, 35, 100.0, 0.95, 0, 0, 0, 423, 1.4136575471968703E-12
SA, 35, 100.0, 0.95, 0, 0, 0, 424, 1.413657549457635E-12
SA, 35, 100.0, 0.95, 0, 0, 0, 425, 1.4136575498988578E-12
SA, 35, 100.0, 0.95, 0, 0, 0, 426, 1.4136575522200842E-12
SA, 35, 100.0, 0.95, 0, 0, 0, 427, 1.4136575520458471E-12
SA, 35, 100.0, 0.95, 0, 0, 0, 428, 1.4136575459459249E-12
SA, 35, 100.0, 0.95, 0, 0, 0, 429, 1.4136575842381965E-12
SA, 35, 100.0, 0.95, 0, 0, 0, 430, 1.4136575835060175E-12
SA, 35, 100.0, 0.95, 0, 0, 0, 431, 1.4136575848943133E-12
SA, 35, 100.0, 0.95, 0, 0, 0, 432, 1.4136575963909515E-12
SA, 35, 100.0, 0.95, 0, 0, 0, 433, 1.4136575958678943E-12
SA, 35, 100.0, 0.95, 0, 0, 0, 434, 1.4136575968920214E-12
SA, 35, 100.0, 0.95, 0, 0, 0, 435, 1.4136575978025162E-12
SA, 35, 100.0, 0.95, 0, 0, 0, 436, 1.4136575978025162E-12
SA, 35, 100.0, 0.95, 0, 0, 0, 437, 1.413657595709404E-12
SA, 35, 100.0, 0.95, 0, 0, 0, 438, 1.4136575951682305E-12
SA, 35, 100.0, 0.95, 0, 0, 0, 439, 1.413657595300131E-12
SA, 35, 100.0, 0.95, 0, 0, 0, 440, 1.413657594818259E-12
SA, 35, 100.0, 0.95, 0, 0, 0, 441, 1.4136575868424333E-12
SA, 35, 100.0, 0.95, 0, 0, 0, 442, 1.4136575857804628E-12
SA, 35, 100.0, 0.95, 0, 0, 0, 443, 1.4136575857756332E-12
SA, 35, 100.0, 0.95, 0, 0, 0, 444, 1.4136575853607157E-12
SA, 35, 100.0, 0.95, 0, 0, 0, 445, 1.413657584747289E-12
SA, 35, 100.0, 0.95, 0, 0, 0, 446, 1.413657584747289E-12
SA, 35, 100.0, 0.95, 0, 0, 0, 447, 1.413657584911409E-12
SA, 35, 100.0, 0.95, 0, 0, 0, 448, 1.413657584911409E-12
SA, 35, 100.0, 0.95, 0, 0, 0, 449, 1.4136575840228678E-12
SA, 35, 100.0, 0.95, 0, 0, 0, 450, 1.413657584307835E-12
SA, 35, 100.0, 0.95, 0, 0, 0, 451, 1.413657583549366E-12
SA, 35, 100.0, 0.95, 0, 0, 0, 452, 1.4136575805001873E-12
SA, 35, 100.0, 0.95, 0, 0, 0, 453, 1.4136576524256188E-12
SA, 35, 100.0, 0.95, 0, 0, 0, 454, 1.4136576520748094E-12
SA, 35, 100.0, 0.95, 0, 0, 0, 455, 1.413657652081422E-12
SA, 35, 100.0, 0.95, 0, 0, 0, 456, 1.4136576518046158E-12
SA, 35, 100.0, 0.95, 0, 0, 0, 457, 1.4136576518013917E-12
SA, 35, 100.0, 0.95, 0, 0, 0, 458, 1.4136576486563173E-12
SA, 35, 100.0, 0.95, 0, 0, 0, 459, 1.4136576486563173E-12
SA, 35, 100.0, 0.95, 0, 0, 0, 460, 1.413657649032226E-12
SA, 35, 100.0, 0.95, 0, 0, 0, 461, 1.4136576474912819E-12
SA, 35, 100.0, 0.95, 0, 0, 0, 462, 1.4136576465556164E-12
SA, 35, 100.0, 0.95, 0, 0, 0, 463, 1.4136576454068471E-12
SA, 35, 100.0, 0.95, 0, 0, 0, 464, 1.4136576454068471E-12
SA, 35, 100.0, 0.95, 0, 0, 0, 465, 1.4136576397059805E-12
SA, 35, 100.0, 0.95, 0, 0, 0, 466, 1.413657636568072E-12
SA, 35, 100.0, 0.95, 0, 0, 0, 467, 1.413657638668359E-12
SA, 35, 100.0, 0.95, 0, 0, 0, 468, 1.413657638739852E-12
SA, 35, 100.0, 0.95, 0, 0, 0, 469, 1.4136576182606186E-12
SA, 35, 100.0, 0.95, 0, 0, 0, 470, 1.4136576181095078E-12
SA, 35, 100.0, 0.95, 0, 0, 0, 471, 1.4136576176207808E-12
SA, 35, 100.0, 0.95, 0, 0, 0, 472, 1.4136576179723457E-12
SA, 35, 100.0, 0.95, 0, 0, 0, 473, 1.4136576181035885E-12
SA, 35, 100.0, 0.95, 0, 0, 0, 474, 1.4136576147253779E-12
SA, 35, 100.0, 0.95, 0, 0, 0, 475, 1.4136576116569199E-12
SA, 35, 100.0, 0.95, 0, 0, 0, 476, 1.4136576116213636E-12
SA, 35, 100.0, 0.95, 0, 0, 0, 477, 1.4136576087615535E-12
SA, 35, 100.0, 0.95, 0, 0, 0, 478, 1.4136576087615535E-12
SA, 35, 100.0, 0.95, 0, 0, 0, 479, 1.4136576082931275E-12
SA, 35, 100.0, 0.95, 0, 0, 0, 480, 1.4136576083303977E-12
SA, 35, 100.0, 0.95, 0, 0, 0, 481, 1.4136576082830305E-12
SA, 35, 100.0, 0.95, 0, 0, 0, 482, 1.4136576077385152E-12
SA, 35, 100.0, 0.95, 0, 0, 0, 483, 1.4136576069522841E-12
SA, 35, 100.0, 0.95, 0, 0, 0, 484, 1.4136576066265918E-12
SA, 35, 100.0, 0.95, 0, 0, 0, 485, 1.413657606436326E-12
SA, 35, 100.0, 0.95, 0, 0, 0, 486, 1.413657604083453E-12
SA, 35, 100.0, 0.95, 0, 0, 0, 487, 1.4136576039464612E-12
SA, 35, 100.0, 0.95, 0, 0, 0, 488, 1.413657604091411E-12
SA, 35, 100.0, 0.95, 0, 0, 0, 489, 1.413657603133936E-12
SA, 35, 100.0, 0.95, 0, 0, 0, 490, 1.4136577350495392E-12
SA, 35, 100.0, 0.95, 0, 0, 0, 491, 1.4136577392135468E-12
SA, 35, 100.0, 0.95, 0, 0, 0, 492, 1.4136577337186343E-12
SA, 35, 100.0, 0.95, 0, 0, 0, 493, 1.4136577351913623E-12
SA, 35, 100.0, 0.95, 0, 0, 0, 494, 1.4136577352089199E-12
SA, 35, 100.0, 0.95, 0, 0, 0, 495, 1.4136577327670155E-12
SA, 35, 100.0, 0.95, 0, 0, 0, 496, 1.413657731638512E-12
SA, 35, 100.0, 0.95, 0, 0, 0, 497, 1.413657731725932E-12
SA, 35, 100.0, 0.95, 0, 0, 0, 498, 1.4136577576416857E-12
SA, 35, 100.0, 0.95, 0, 0, 0, 499, 1.4136577558605692E-12
GA, 35, 0 , 0, 200, 100, 10, 0, 1.4136570256378766E-12
GA, 35, 0 , 0, 200, 100, 10, 1, 1.4136570647585074E-12
GA, 35, 0 , 0, 200, 100, 10, 2, 1.413657182230373E-12
GA, 35, 0 , 0, 200, 100, 10, 3, 1.4136571618932863E-12
GA, 35, 0 , 0, 200, 100, 10, 4, 1.413657139068201E-12
GA, 35, 0 , 0, 200, 100, 10, 5, 1.4136570936843607E-12
GA, 35, 0 , 0, 200, 100, 10, 6, 1.4136571035172085E-12
GA, 35, 0 , 0, 200, 100, 10, 7, 1.413657069872321E-12
GA, 35, 0 , 0, 200, 100, 10, 8, 1.4136571477534023E-12
GA, 35, 0 , 0, 200, 100, 10, 9, 1.4136570552902645E-12
GA, 35, 0 , 0, 200, 100, 10, 10, 1.4136571814825992E-12
GA, 35, 0 , 0, 200, 100, 10, 11, 1.4136571689982041E-12
GA, 35, 0 , 0, 200, 100, 10, 12, 1.4136571733856963E-12
GA, 35, 0 , 0, 200, 100, 10, 13, 1.4136572132931562E-12
GA, 35, 0 , 0, 200, 100, 10, 14, 1.4136570904621336E-12
GA, 35, 0 , 0, 200, 100, 10, 15, 1.4136570446633982E-12
GA, 35, 0 , 0, 200, 100, 10, 16, 1.413657071461731E-12
GA, 35, 0 , 0, 200, 100, 10, 17, 1.4136570803573219E-12
GA, 35, 0 , 0, 200, 100, 10, 18, 1.4136570743683123E-12
GA, 35, 0 , 0, 200, 100, 10, 19, 1.4136571637206769E-12
GA, 35, 0 , 0, 200, 100, 10, 20, 1.4136570758901742E-12
GA, 35, 0 , 0, 200, 100, 10, 21, 1.4136570970080088E-12
GA, 35, 0 , 0, 200, 100, 10, 22, 1.4136570774802148E-12
GA, 35, 0 , 0, 200, 100, 10, 23, 1.4136570698595543E-12
GA, 35, 0 , 0, 200, 100, 10, 24, 1.413657052241919E-12
GA, 35, 0 , 0, 200, 100, 10, 25, 1.413657074482068E-12
GA, 35, 0 , 0, 200, 100, 10, 26, 1.4136570596336025E-12
GA, 35, 0 , 0, 200, 100, 10, 27, 1.4136570124905746E-12
GA, 35, 0 , 0, 200, 100, 10, 28, 1.4136569452223111E-12
GA, 35, 0 , 0, 200, 100, 10, 29, 1.413656968105418E-12
GA, 35, 0 , 0, 200, 100, 10, 30, 1.4136569676292875E-12
GA, 35, 0 , 0, 200, 100, 10, 31, 1.4136570085561084E-12
GA, 35, 0 , 0, 200, 100, 10, 32, 1.4136570303864113E-12
GA, 35, 0 , 0, 200, 100, 10, 33, 1.4136569202990234E-12
GA, 35, 0 , 0, 200, 100, 10, 34, 1.4136570183334388E-12
GA, 35, 0 , 0, 200, 100, 10, 35, 1.4136570473112064E-12
GA, 35, 0 , 0, 200, 100, 10, 36, 1.413656977720234E-12
GA, 35, 0 , 0, 200, 100, 10, 37, 1.41365695426067E-12
GA, 35, 0 , 0, 200, 100, 10, 38, 1.4136569474499943E-12
GA, 35, 0 , 0, 200, 100, 10, 39, 1.4136569226624967E-12
GA, 35, 0 , 0, 200, 100, 10, 40, 1.4136568163990556E-12
GA, 35, 0 , 0, 200, 100, 10, 41, 1.4136567503408134E-12
GA, 35, 0 , 0, 200, 100, 10, 42, 1.4136567637717845E-12
GA, 35, 0 , 0, 200, 100, 10, 43, 1.4136567815910345E-12
GA, 35, 0 , 0, 200, 100, 10, 44, 1.4136567849393578E-12
GA, 35, 0 , 0, 200, 100, 10, 45, 1.4136568651580977E-12
GA, 35, 0 , 0, 200, 100, 10, 46, 1.4136568071669202E-12
GA, 35, 0 , 0, 200, 100, 10, 47, 1.4136568727456641E-12
GA, 35, 0 , 0, 200, 100, 10, 48, 1.4136569139366727E-12
GA, 35, 0 , 0, 200, 100, 10, 49, 1.4136568811256227E-12
GA, 35, 0 , 0, 200, 100, 10, 50, 1.4136569651565533E-12
GA, 35, 0 , 0, 200, 100, 10, 51, 1.4136569739431224E-12
GA, 35, 0 , 0, 200, 100, 10, 52, 1.4136569762079647E-12
GA, 35, 0 , 0, 200, 100, 10, 53, 1.4136568917803136E-12
GA, 35, 0 , 0, 200, 100, 10, 54, 1.4136569086855621E-12
GA, 35, 0 , 0, 200, 100, 10, 55, 1.413656980917878E-12
GA, 35, 0 , 0, 200, 100, 10, 56, 1.4136569360966012E-12
GA, 35, 0 , 0, 200, 100, 10, 57, 1.4136570053961347E-12
GA, 35, 0 , 0, 200, 100, 10, 58, 1.4136569536600827E-12
GA, 35, 0 , 0, 200, 100, 10, 59, 1.4136569112458745E-12
GA, 35, 0 , 0, 200, 100, 10, 60, 1.41365685459346E-12
GA, 35, 0 , 0, 200, 100, 10, 61, 1.413656854495047E-12
GA, 35, 0 , 0, 200, 100, 10, 62, 1.4136568766072336E-12
GA, 35, 0 , 0, 200, 100, 10, 63, 1.4136569064279134E-12
GA, 35, 0 , 0, 200, 100, 10, 64, 1.413656877365872E-12
GA, 35, 0 , 0, 200, 100, 10, 65, 1.413656822645447E-12
GA, 35, 0 , 0, 200, 100, 10, 66, 1.4136568528621187E-12
GA, 35, 0 , 0, 200, 100, 10, 67, 1.4136568970805786E-12
GA, 35, 0 , 0, 200, 100, 10, 68, 1.4136570017487593E-12
GA, 35, 0 , 0, 200, 100, 10, 69, 1.413656946765064E-12
GA, 35, 0 , 0, 200, 100, 10, 70, 1.4136570166771952E-12
GA, 35, 0 , 0, 200, 100, 10, 71, 1.4136569073166792E-12
GA, 35, 0 , 0, 200, 100, 10, 72, 1.4136569456748567E-12
GA, 35, 0 , 0, 200, 100, 10, 73, 1.4136569876477181E-12
GA, 35, 0 , 0, 200, 100, 10, 74, 1.41365688739263E-12
GA, 35, 0 , 0, 200, 100, 10, 75, 1.4136568619753171E-12
GA, 35, 0 , 0, 200, 100, 10, 76, 1.4136567995863946E-12
GA, 35, 0 , 0, 200, 100, 10, 77, 1.4136567465295993E-12
GA, 35, 0 , 0, 200, 100, 10, 78, 1.4136566746596155E-12
GA, 35, 0 , 0, 200, 100, 10, 79, 1.4136566886116313E-12
GA, 35, 0 , 0, 200, 100, 10, 80, 1.4136566463784277E-12
GA, 35, 0 , 0, 200, 100, 10, 81, 1.4136567237558903E-12
GA, 35, 0 , 0, 200, 100, 10, 82, 1.413656712009379E-12
GA, 35, 0 , 0, 200, 100, 10, 83, 1.413656700122943E-12
GA, 35, 0 , 0, 200, 100, 10, 84, 1.4136567241441294E-12
GA, 35, 0 , 0, 200, 100, 10, 85, 1.413656758145389E-12
GA, 35, 0 , 0, 200, 100, 10, 86, 1.4136567626852763E-12
GA, 35, 0 , 0, 200, 100, 10, 87, 1.4136567739546828E-12
GA, 35, 0 , 0, 200, 100, 10, 88, 1.413656793210079E-12
GA, 35, 0 , 0, 200, 100, 10, 89, 1.413656751235484E-12
GA, 35, 0 , 0, 200, 100, 10, 90, 1.413656718013135E-12
GA, 35, 0 , 0, 200, 100, 10, 91, 1.4136567456807924E-12
GA, 35, 0 , 0, 200, 100, 10, 92, 1.413656702382872E-12
GA, 35, 0 , 0, 200, 100, 10, 93, 1.4136566912420138E-12
GA, 35, 0 , 0, 200, 100, 10, 94, 1.4136567217509307E-12
GA, 35, 0 , 0, 200, 100, 10, 95, 1.4136566940565661E-12
GA, 35, 0 , 0, 200, 100, 10, 96, 1.4136567152866977E-12
GA, 35, 0 , 0, 200, 100, 10, 97, 1.4136565841289931E-12
GA, 35, 0 , 0, 200, 100, 10, 98, 1.4136566638094632E-12
GA, 35, 0 , 0, 200, 100, 10, 99, 1.41365670098292E-12
GA, 35, 0 , 0, 200, 100, 10, 100, 1.413656573043716E-12
GA, 35, 0 , 0, 200, 100, 10, 101, 1.4136565436448577E-12
GA, 35, 0 , 0, 200, 100, 10, 102, 1.4136565443196727E-12
GA, 35, 0 , 0, 200, 100, 10, 103, 1.4136565080878625E-12
GA, 35, 0 , 0, 200, 100, 10, 104, 1.4136565067432897E-12
GA, 35, 0 , 0, 200, 100, 10, 105, 1.413656522301296E-12
GA, 35, 0 , 0, 200, 100, 10, 106, 1.4136565101513116E-12
GA, 35, 0 , 0, 200, 100, 10, 107, 1.4136565401078582E-12
GA, 35, 0 , 0, 200, 100, 10, 108, 1.413656559540287E-12
GA, 35, 0 , 0, 200, 100, 10, 109, 1.4136565503725573E-12
GA, 35, 0 , 0, 200, 100, 10, 110, 1.4136565470394674E-12
GA, 35, 0 , 0, 200, 100, 10, 111, 1.4136565499388352E-12
GA, 35, 0 , 0, 200, 100, 10, 112, 1.4136565331339924E-12
GA, 35, 0 , 0, 200, 100, 10, 113, 1.413656527782072E-12
GA, 35, 0 , 0, 200, 100, 10, 114, 1.4136565086671622E-12
GA, 35, 0 , 0, 200, 100, 10, 115, 1.4136565229086668E-12
GA, 35, 0 , 0, 200, 100, 10, 116, 1.413656528105632E-12
GA, 35, 0 , 0, 200, 100, 10, 117, 1.4136565416731352E-12
GA, 35, 0 , 0, 200, 100, 10, 118, 1.4136564908419406E-12
GA, 35, 0 , 0, 200, 100, 10, 119, 1.413656531278179E-12
GA, 35, 0 , 0, 200, 100, 10, 120, 1.4136565303355889E-12
GA, 35, 0 , 0, 200, 100, 10, 121, 1.4136564601215232E-12
GA, 35, 0 , 0, 200, 100, 10, 122, 1.4136564601501798E-12
GA, 35, 0 , 0, 200, 100, 10, 123, 1.4136564787196275E-12
GA, 35, 0 , 0, 200, 100, 10, 124, 1.413656485932957E-12
GA, 35, 0 , 0, 200, 100, 10, 125, 1.413656476486313E-12
GA, 35, 0 , 0, 200, 100, 10, 126, 1.4136564720083057E-12
GA, 35, 0 , 0, 200, 100, 10, 127, 1.413656427789077E-12
GA, 35, 0 , 0, 200, 100, 10, 128, 1.4136563790090385E-12
GA, 35, 0 , 0, 200, 100, 10, 129, 1.4136563728583664E-12
GA, 35, 0 , 0, 200, 100, 10, 130, 1.4136564227165807E-12
GA, 35, 0 , 0, 200, 100, 10, 131, 1.4136564583398939E-12
GA, 35, 0 , 0, 200, 100, 10, 132, 1.4136564822880865E-12
GA, 35, 0 , 0, 200, 100, 10, 133, 1.4136564832808125E-12
GA, 35, 0 , 0, 200, 100, 10, 134, 1.4136565098134364E-12
GA, 35, 0 , 0, 200, 100, 10, 135, 1.4136564536518205E-12
GA, 35, 0 , 0, 200, 100, 10, 136, 1.4136564326936566E-12
GA, 35, 0 , 0, 200, 100, 10, 137, 1.4136565053842503E-12
GA, 35, 0 , 0, 200, 100, 10, 138, 1.4136564814051394E-12
GA, 35, 0 , 0, 200, 100, 10, 139, 1.4136564684879987E-12
GA, 35, 0 , 0, 200, 100, 10, 140, 1.4136564577570851E-12
GA, 35, 0 , 0, 200, 100, 10, 141, 1.4136564597899443E-12
GA, 35, 0 , 0, 200, 100, 10, 142, 1.4136564592727967E-12
GA, 35, 0 , 0, 200, 100, 10, 143, 1.413656476485472E-12
GA, 35, 0 , 0, 200, 100, 10, 144, 1.4136565576497872E-12
GA, 35, 0 , 0, 200, 100, 10, 145, 1.4136565084141733E-12
GA, 35, 0 , 0, 200, 100, 10, 146, 1.4136565343883492E-12
GA, 35, 0 , 0, 200, 100, 10, 147, 1.4136564451099934E-12
GA, 35, 0 , 0, 200, 100, 10, 148, 1.4136564825657033E-12
GA, 35, 0 , 0, 200, 100, 10, 149, 1.4136564915781253E-12
GA, 35, 0 , 0, 200, 100, 10, 150, 1.4136564408701047E-12
GA, 35, 0 , 0, 200, 100, 10, 151, 1.413656426945336E-12
GA, 35, 0 , 0, 200, 100, 10, 152, 1.4136564518467098E-12
GA, 35, 0 , 0, 200, 100, 10, 153, 1.4136564343363636E-12
GA, 35, 0 , 0, 200, 100, 10, 154, 1.4136563877741637E-12
GA, 35, 0 , 0, 200, 100, 10, 155, 1.4136564444357291E-12
GA, 35, 0 , 0, 200, 100, 10, 156, 1.4136564241878169E-12
GA, 35, 0 , 0, 200, 100, 10, 157, 1.4136564085919309E-12
GA, 35, 0 , 0, 200, 100, 10, 158, 1.4136564544451273E-12
GA, 35, 0 , 0, 200, 100, 10, 159, 1.4136564679257865E-12
GA, 35, 0 , 0, 200, 100, 10, 160, 1.4136564941556063E-12
GA, 35, 0 , 0, 200, 100, 10, 161, 1.4136565733585727E-12
GA, 35, 0 , 0, 200, 100, 10, 162, 1.4136565579186576E-12
GA, 35, 0 , 0, 200, 100, 10, 163, 1.4136565181374395E-12
GA, 35, 0 , 0, 200, 100, 10, 164, 1.4136564739994043E-12
GA, 35, 0 , 0, 200, 100, 10, 165, 1.4136565030890313E-12
GA, 35, 0 , 0, 200, 100, 10, 166, 1.4136565074786167E-12
GA, 35, 0 , 0, 200, 100, 10, 167, 1.4136565543434142E-12
GA, 35, 0 , 0, 200, 100, 10, 168, 1.4136565637785574E-12
GA, 35, 0 , 0, 200, 100, 10, 169, 1.4136565650893115E-12
GA, 35, 0 , 0, 200, 100, 10, 170, 1.4136564735557162E-12
GA, 35, 0 , 0, 200, 100, 10, 171, 1.4136564649562737E-12
GA, 35, 0 , 0, 200, 100, 10, 172, 1.4136564588780514E-12
GA, 35, 0 , 0, 200, 100, 10, 173, 1.4136565165392841E-12
GA, 35, 0 , 0, 200, 100, 10, 174, 1.4136564805863403E-12
GA, 35, 0 , 0, 200, 100, 10, 175, 1.4136565432285716E-12
GA, 35, 0 , 0, 200, 100, 10, 176, 1.4136565757756477E-12
GA, 35, 0 , 0, 200, 100, 10, 177, 1.4136565241270951E-12
GA, 35, 0 , 0, 200, 100, 10, 178, 1.413656555827931E-12
GA, 35, 0 , 0, 200, 100, 10, 179, 1.4136565379604806E-12
GA, 35, 0 , 0, 200, 100, 10, 180, 1.413656543274912E-12
GA, 35, 0 , 0, 200, 100, 10, 181, 1.4136566681614918E-12
GA, 35, 0 , 0, 200, 100, 10, 182, 1.4136566271704863E-12
GA, 35, 0 , 0, 200, 100, 10, 183, 1.4136565989316093E-12
GA, 35, 0 , 0, 200, 100, 10, 184, 1.4136565156727981E-12
GA, 35, 0 , 0, 200, 100, 10, 185, 1.4136564806377899E-12
GA, 35, 0 , 0, 200, 100, 10, 186, 1.4136564822047626E-12
GA, 35, 0 , 0, 200, 100, 10, 187, 1.4136564967674235E-12
GA, 35, 0 , 0, 200, 100, 10, 188, 1.4136564981609667E-12
GA, 35, 0 , 0, 200, 100, 10, 189, 1.413656496262172E-12
GA, 35, 0 , 0, 200, 100, 10, 190, 1.4136564754007973E-12
GA, 35, 0 , 0, 200, 100, 10, 191, 1.4136564835164093E-12
GA, 35, 0 , 0, 200, 100, 10, 192, 1.4136564208687278E-12
GA, 35, 0 , 0, 200, 100, 10, 193, 1.4136564338638599E-12
GA, 35, 0 , 0, 200, 100, 10, 194, 1.4136564223645565E-12
GA, 35, 0 , 0, 200, 100, 10, 195, 1.413656396282476E-12
GA, 35, 0 , 0, 200, 100, 10, 196, 1.413656395586182E-12
GA, 35, 0 , 0, 200, 100, 10, 197, 1.4136563374853575E-12
GA, 35, 0 , 0, 200, 100, 10, 198, 1.4136563701367834E-12
GA, 35, 0 , 0, 200, 100, 10, 199, 1.4136563664960382E-12
GA, 35, 0 , 0, 200, 100, 10, 200, 1.4136563584549371E-12
GA, 35, 0 , 0, 200, 100, 10, 201, 1.4136563252433607E-12
GA, 35, 0 , 0, 200, 100, 10, 202, 1.4136563056294095E-12
GA, 35, 0 , 0, 200, 100, 10, 203, 1.4136563040747217E-12
GA, 35, 0 , 0, 200, 100, 10, 204, 1.4136562928669115E-12
GA, 35, 0 , 0, 200, 100, 10, 205, 1.4136562469079596E-12
GA, 35, 0 , 0, 200, 100, 10, 206, 1.4136562888097918E-12
GA, 35, 0 , 0, 200, 100, 10, 207, 1.413656338259861E-12
GA, 35, 0 , 0, 200, 100, 10, 208, 1.4136563542372242E-12
GA, 35, 0 , 0, 200, 100, 10, 209, 1.413656320933162E-12
GA, 35, 0 , 0, 200, 100, 10, 210, 1.4136563516549448E-12
GA, 35, 0 , 0, 200, 100, 10, 211, 1.4136563142243355E-12
GA, 35, 0 , 0, 200, 100, 10, 212, 1.413656291448323E-12
GA, 35, 0 , 0, 200, 100, 10, 213, 1.4136563078084498E-12
GA, 35, 0 , 0, 200, 100, 10, 214, 1.4136562769734848E-12
GA, 35, 0 , 0, 200, 100, 10, 215, 1.413656303577415E-12
GA, 35, 0 , 0, 200, 100, 10, 216, 1.4136562910302212E-12
GA, 35, 0 , 0, 200, 100, 10, 217, 1.4136562950750338E-12
GA, 35, 0 , 0, 200, 100, 10, 218, 1.4136563195117802E-12
GA, 35, 0 , 0, 200, 100, 10, 219, 1.4136563451713493E-12
GA, 35, 0 , 0, 200, 100, 10, 220, 1.4136563270789595E-12
GA, 35, 0 , 0, 200, 100, 10, 221, 1.4136563301382092E-12
GA, 35, 0 , 0, 200, 100, 10, 222, 1.4136562720875554E-12
GA, 35, 0 , 0, 200, 100, 10, 223, 1.413656245577326E-12
GA, 35, 0 , 0, 200, 100, 10, 224, 1.4136562635766458E-12
GA, 35, 0 , 0, 200, 100, 10, 225, 1.4136562622417643E-12
GA, 35, 0 , 0, 200, 100, 10, 226, 1.4136562667035652E-12
GA, 35, 0 , 0, 200, 100, 10, 227, 1.4136563160112504E-12
GA, 35, 0 , 0, 200, 100, 10, 228, 1.4136563450715674E-12
GA, 35, 0 , 0, 200, 100, 10, 229, 1.4136563229892731E-12
GA, 35, 0 , 0, 200, 100, 10, 230, 1.4136563653254012E-12
GA, 35, 0 , 0, 200, 100, 10, 231, 1.4136562723877337E-12
GA, 35, 0 , 0, 200, 100, 10, 232, 1.413656236826454E-12
GA, 35, 0 , 0, 200, 100, 10, 233, 1.4136562330704814E-12
GA, 35, 0 , 0, 200, 100, 10, 234, 1.4136562238836304E-12
GA, 35, 0 , 0, 200, 100, 10, 235, 1.4136562130769127E-12
GA, 35, 0 , 0, 200, 100, 10, 236, 1.4136561931217027E-12
GA, 35, 0 , 0, 200, 100, 10, 237, 1.4136562121595099E-12
GA, 35, 0 , 0, 200, 100, 10, 238, 1.4136561742432671E-12
GA, 35, 0 , 0, 200, 100, 10, 239, 1.4136561789035086E-12
GA, 35, 0 , 0, 200, 100, 10, 240, 1.4136561879451289E-12
GA, 35, 0 , 0, 200, 100, 10, 241, 1.413656134745354E-12
GA, 35, 0 , 0, 200, 100, 10, 242, 1.4136561664439508E-12
GA, 35, 0 , 0, 200, 100, 10, 243, 1.4136561640768426E-12
GA, 35, 0 , 0, 200, 100, 10, 244, 1.4136562044133035E-12
GA, 35, 0 , 0, 200, 100, 10, 245, 1.4136561851247122E-12
GA, 35, 0 , 0, 200, 100, 10, 246, 1.4136561999220569E-12
GA, 35, 0 , 0, 200, 100, 10, 247, 1.4136562212716448E-12
GA, 35, 0 , 0, 200, 100, 10, 248, 1.4136561862513096E-12
GA, 35, 0 , 0, 200, 100, 10, 249, 1.4136561987398865E-12
GA, 35, 0 , 0, 200, 100, 10, 250, 1.41365622419457E-12
GA, 35, 0 , 0, 200, 100, 10, 251, 1.4136562069659227E-12
GA, 35, 0 , 0, 200, 100, 10, 252, 1.4136562364533202E-12
GA, 35, 0 , 0, 200, 100, 10, 253, 1.413656260551712E-12
GA, 35, 0 , 0, 200, 100, 10, 254, 1.4136562560680602E-12
GA, 35, 0 , 0, 200, 100, 10, 255, 1.4136562811903575E-12
GA, 35, 0 , 0, 200, 100, 10, 256, 1.4136562703680605E-12
GA, 35, 0 , 0, 200, 100, 10, 257, 1.41365626653011E-12
GA, 35, 0 , 0, 200, 100, 10, 258, 1.4136562577345864E-12
GA, 35, 0 , 0, 200, 100, 10, 259, 1.4136562597532754E-12
GA, 35, 0 , 0, 200, 100, 10, 260, 1.4136562652587153E-12
GA, 35, 0 , 0, 200, 100, 10, 261, 1.4136563171383722E-12
GA, 35, 0 , 0, 200, 100, 10, 262, 1.4136563291652071E-12
GA, 35, 0 , 0, 200, 100, 10, 263, 1.4136563038157445E-12
GA, 35, 0 , 0, 200, 100, 10, 264, 1.4136562923707827E-12
GA, 35, 0 , 0, 200, 100, 10, 265, 1.4136562637758315E-12
GA, 35, 0 , 0, 200, 100, 10, 266, 1.4136562320026222E-12
GA, 35, 0 , 0, 200, 100, 10, 267, 1.4136562419737323E-12
GA, 35, 0 , 0, 200, 100, 10, 268, 1.4136562243439514E-12
GA, 35, 0 , 0, 200, 100, 10, 269, 1.413656212714049E-12
GA, 35, 0 , 0, 200, 100, 10, 270, 1.413656158522585E-12
GA, 35, 0 , 0, 200, 100, 10, 271, 1.4136561894213726E-12
GA, 35, 0 , 0, 200, 100, 10, 272, 1.4136561830546882E-12
GA, 35, 0 , 0, 200, 100, 10, 273, 1.4136561742654136E-12
GA, 35, 0 , 0, 200, 100, 10, 274, 1.4136561880893844E-12
GA, 35, 0 , 0, 200, 100, 10, 275, 1.41365618306183E-12
GA, 35, 0 , 0, 200, 100, 10, 276, 1.4136561749111939E-12
GA, 35, 0 , 0, 200, 100, 10, 277, 1.4136561735217516E-12
GA, 35, 0 , 0, 200, 100, 10, 278, 1.413656200485644E-12
GA, 35, 0 , 0, 200, 100, 10, 279, 1.4136562062578415E-12
GA, 35, 0 , 0, 200, 100, 10, 280, 1.413656191987122E-12
GA, 35, 0 , 0, 200, 100, 10, 281, 1.413656155126637E-12
GA, 35, 0 , 0, 200, 100, 10, 282, 1.4136561548955615E-12
GA, 35, 0 , 0, 200, 100, 10, 283, 1.4136561390997352E-12
GA, 35, 0 , 0, 200, 100, 10, 284, 1.4136561561014939E-12
GA, 35, 0 , 0, 200, 100, 10, 285, 1.4136561622184111E-12
GA, 35, 0 , 0, 200, 100, 10, 286, 1.4136561644009843E-12
GA, 35, 0 , 0, 200, 100, 10, 287, 1.4136561191312796E-12
GA, 35, 0 , 0, 200, 100, 10, 288, 1.4136561646520053E-12
GA, 35, 0 , 0, 200, 100, 10, 289, 1.4136562096257914E-12
GA, 35, 0 , 0, 200, 100, 10, 290, 1.413656164366257E-12
GA, 35, 0 , 0, 200, 100, 10, 291, 1.4136561711771873E-12
GA, 35, 0 , 0, 200, 100, 10, 292, 1.4136561816690196E-12
GA, 35, 0 , 0, 200, 100, 10, 293, 1.4136562130444219E-12
GA, 35, 0 , 0, 200, 100, 10, 294, 1.4136561973512256E-12
GA, 35, 0 , 0, 200, 100, 10, 295, 1.4136562113501306E-12
GA, 35, 0 , 0, 200, 100, 10, 296, 1.4136562093254396E-12
GA, 35, 0 , 0, 200, 100, 10, 297, 1.4136561892181229E-12
GA, 35, 0 , 0, 200, 100, 10, 298, 1.4136562315897682E-12
GA, 35, 0 , 0, 200, 100, 10, 299, 1.4136562318555785E-12
GA, 35, 0 , 0, 200, 100, 10, 300, 1.4136562531703956E-12
GA, 35, 0 , 0, 200, 100, 10, 301, 1.4136562492941675E-12
GA, 35, 0 , 0, 200, 100, 10, 302, 1.4136562591727025E-12
GA, 35, 0 , 0, 200, 100, 10, 303, 1.4136562612551719E-12
GA, 35, 0 , 0, 200, 100, 10, 304, 1.4136562554620355E-12
GA, 35, 0 , 0, 200, 100, 10, 305, 1.4136562341660896E-12
GA, 35, 0 , 0, 200, 100, 10, 306, 1.413656227089136E-12
GA, 35, 0 , 0, 200, 100, 10, 307, 1.413656236581277E-12
GA, 35, 0 , 0, 200, 100, 10, 308, 1.4136562171978478E-12
GA, 35, 0 , 0, 200, 100, 10, 309, 1.4136562354372227E-12
GA, 35, 0 , 0, 200, 100, 10, 310, 1.4136562135140116E-12
GA, 35, 0 , 0, 200, 100, 10, 311, 1.4136562204137287E-12
GA, 35, 0 , 0, 200, 100, 10, 312, 1.413656215905283E-12
GA, 35, 0 , 0, 200, 100, 10, 313, 1.4136562092472E-12
GA, 35, 0 , 0, 200, 100, 10, 314, 1.4136562339400084E-12
GA, 35, 0 , 0, 200, 100, 10, 315, 1.4136562540431303E-12
GA, 35, 0 , 0, 200, 100, 10, 316, 1.413656251955902E-12
GA, 35, 0 , 0, 200, 100, 10, 317, 1.4136562356114181E-12
GA, 35, 0 , 0, 200, 100, 10, 318, 1.4136562278609432E-12
GA, 35, 0 , 0, 200, 100, 10, 319, 1.4136562286290973E-12
GA, 35, 0 , 0, 200, 100, 10, 320, 1.413656243114988E-12
GA, 35, 0 , 0, 200, 100, 10, 321, 1.4136562599554694E-12
GA, 35, 0 , 0, 200, 100, 10, 322, 1.4136562818788289E-12
GA, 35, 0 , 0, 200, 100, 10, 323, 1.413656283663601E-12
GA, 35, 0 , 0, 200, 100, 10, 324, 1.4136562660421123E-12
GA, 35, 0 , 0, 200, 100, 10, 325, 1.4136562558537331E-12
GA, 35, 0 , 0, 200, 100, 10, 326, 1.413656272181527E-12
GA, 35, 0 , 0, 200, 100, 10, 327, 1.4136562539694086E-12
GA, 35, 0 , 0, 200, 100, 10, 328, 1.4136562745843071E-12
GA, 35, 0 , 0, 200, 100, 10, 329, 1.4136562482713065E-12
GA, 35, 0 , 0, 200, 100, 10, 330, 1.41365621368166E-12
GA, 35, 0 , 0, 200, 100, 10, 331, 1.4136562608517258E-12
GA, 35, 0 , 0, 200, 100, 10, 332, 1.4136562660951658E-12
GA, 35, 0 , 0, 200, 100, 10, 333, 1.413656257697924E-12
GA, 35, 0 , 0, 200, 100, 10, 334, 1.4136562919217965E-12
GA, 35, 0 , 0, 200, 100, 10, 335, 1.4136562620367675E-12
GA, 35, 0 , 0, 200, 100, 10, 336, 1.4136562572104093E-12
GA, 35, 0 , 0, 200, 100, 10, 337, 1.4136562526770736E-12
GA, 35, 0 , 0, 200, 100, 10, 338, 1.4136562707284726E-12
GA, 35, 0 , 0, 200, 100, 10, 339, 1.4136563009629323E-12
GA, 35, 0 , 0, 200, 100, 10, 340, 1.4136563046327413E-12
GA, 35, 0 , 0, 200, 100, 10, 341, 1.4136563083636774E-12
GA, 35, 0 , 0, 200, 100, 10, 342, 1.4136563160410804E-12
GA, 35, 0 , 0, 200, 100, 10, 343, 1.4136563221055589E-12
GA, 35, 0 , 0, 200, 100, 10, 344, 1.4136563117356212E-12
GA, 35, 0 , 0, 200, 100, 10, 345, 1.4136563392217471E-12
GA, 35, 0 , 0, 200, 100, 10, 346, 1.4136563276815246E-12
GA, 35, 0 , 0, 200, 100, 10, 347, 1.4136562943297293E-12
GA, 35, 0 , 0, 200, 100, 10, 348, 1.4136562988333998E-12
GA, 35, 0 , 0, 200, 100, 10, 349, 1.4136563265473717E-12
GA, 35, 0 , 0, 200, 100, 10, 350, 1.4136563593302307E-12
GA, 35, 0 , 0, 200, 100, 10, 351, 1.4136563336952872E-12
GA, 35, 0 , 0, 200, 100, 10, 352, 1.4136563007971092E-12
GA, 35, 0 , 0, 200, 100, 10, 353, 1.413656323272021E-12
GA, 35, 0 , 0, 200, 100, 10, 354, 1.413656385459939E-12
GA, 35, 0 , 0, 200, 100, 10, 355, 1.4136563785936391E-12
GA, 35, 0 , 0, 200, 100, 10, 356, 1.413656386952849E-12
GA, 35, 0 , 0, 200, 100, 10, 357, 1.413656395222268E-12
GA, 35, 0 , 0, 200, 100, 10, 358, 1.4136563592591088E-12
GA, 35, 0 , 0, 200, 100, 10, 359, 1.4136563658168983E-12
GA, 35, 0 , 0, 200, 100, 10, 360, 1.4136563469268202E-12
GA, 35, 0 , 0, 200, 100, 10, 361, 1.4136563762891771E-12
GA, 35, 0 , 0, 200, 100, 10, 362, 1.4136563429710317E-12
GA, 35, 0 , 0, 200, 100, 10, 363, 1.4136563437840644E-12
GA, 35, 0 , 0, 200, 100, 10, 364, 1.4136563320568167E-12
GA, 35, 0 , 0, 200, 100, 10, 365, 1.4136563363023648E-12
GA, 35, 0 , 0, 200, 100, 10, 366, 1.4136563832402462E-12
GA, 35, 0 , 0, 200, 100, 10, 367, 1.4136563848739756E-12
GA, 35, 0 , 0, 200, 100, 10, 368, 1.413656360587616E-12
GA, 35, 0 , 0, 200, 100, 10, 369, 1.4136563576295365E-12
GA, 35, 0 , 0, 200, 100, 10, 370, 1.4136563452976583E-12
GA, 35, 0 , 0, 200, 100, 10, 371, 1.4136563918845233E-12
GA, 35, 0 , 0, 200, 100, 10, 372, 1.4136563982981074E-12
GA, 35, 0 , 0, 200, 100, 10, 373, 1.4136564091639174E-12
GA, 35, 0 , 0, 200, 100, 10, 374, 1.4136564165304876E-12
GA, 35, 0 , 0, 200, 100, 10, 375, 1.4136564225493833E-12
GA, 35, 0 , 0, 200, 100, 10, 376, 1.413656429021703E-12
GA, 35, 0 , 0, 200, 100, 10, 377, 1.4136564028016506E-12
GA, 35, 0 , 0, 200, 100, 10, 378, 1.4136564247920859E-12
GA, 35, 0 , 0, 200, 100, 10, 379, 1.4136564292880409E-12
GA, 35, 0 , 0, 200, 100, 10, 380, 1.4136564091620651E-12
GA, 35, 0 , 0, 200, 100, 10, 381, 1.4136564152707703E-12
GA, 35, 0 , 0, 200, 100, 10, 382, 1.4136563998819618E-12
GA, 35, 0 , 0, 200, 100, 10, 383, 1.4136564157400564E-12
GA, 35, 0 , 0, 200, 100, 10, 384, 1.4136564250785783E-12
GA, 35, 0 , 0, 200, 100, 10, 385, 1.4136564416830146E-12
GA, 35, 0 , 0, 200, 100, 10, 386, 1.4136564290604404E-12
GA, 35, 0 , 0, 200, 100, 10, 387, 1.413656388858844E-12
GA, 35, 0 , 0, 200, 100, 10, 388, 1.413656396339315E-12
GA, 35, 0 , 0, 200, 100, 10, 389, 1.4136563790288088E-12
GA, 35, 0 , 0, 200, 100, 10, 390, 1.4136563904336495E-12
GA, 35, 0 , 0, 200, 100, 10, 391, 1.413656383408716E-12
GA, 35, 0 , 0, 200, 100, 10, 392, 1.4136563959851694E-12
GA, 35, 0 , 0, 200, 100, 10, 393, 1.4136563467336144E-12
GA, 35, 0 , 0, 200, 100, 10, 394, 1.4136563682305417E-12
GA, 35, 0 , 0, 200, 100, 10, 395, 1.4136563863180233E-12
GA, 35, 0 , 0, 200, 100, 10, 396, 1.4136563856077193E-12
GA, 35, 0 , 0, 200, 100, 10, 397, 1.4136563789025299E-12
GA, 35, 0 , 0, 200, 100, 10, 398, 1.413656392789261E-12
GA, 35, 0 , 0, 200, 100, 10, 399, 1.413656349186172E-12
GA, 35, 0 , 0, 200, 100, 10, 400, 1.413656375938538E-12
GA, 35, 0 , 0, 200, 100, 10, 401, 1.4136563872331165E-12
GA, 35, 0 , 0, 200, 100, 10, 402, 1.4136564054666161E-12
GA, 35, 0 , 0, 200, 100, 10, 403, 1.413656376736166E-12
GA, 35, 0 , 0, 200, 100, 10, 404, 1.4136563720916576E-12
GA, 35, 0 , 0, 200, 100, 10, 405, 1.4136563804565833E-12
GA, 35, 0 , 0, 200, 100, 10, 406, 1.4136563578030594E-12
GA, 35, 0 , 0, 200, 100, 10, 407, 1.4136563239747177E-12
GA, 35, 0 , 0, 200, 100, 10, 408, 1.413656327489913E-12
GA, 35, 0 , 0, 200, 100, 10, 409, 1.4136562938062567E-12
GA, 35, 0 , 0, 200, 100, 10, 410, 1.4136563252729944E-12
GA, 35, 0 , 0, 200, 100, 10, 411, 1.4136563304951623E-12
GA, 35, 0 , 0, 200, 100, 10, 412, 1.4136563615073039E-12
GA, 35, 0 , 0, 200, 100, 10, 413, 1.4136563892985857E-12
GA, 35, 0 , 0, 200, 100, 10, 414, 1.4136563839263384E-12
GA, 35, 0 , 0, 200, 100, 10, 415, 1.4136563690397095E-12
GA, 35, 0 , 0, 200, 100, 10, 416, 1.4136563629058597E-12
GA, 35, 0 , 0, 200, 100, 10, 417, 1.4136564156689994E-12
GA, 35, 0 , 0, 200, 100, 10, 418, 1.4136563692773585E-12
GA, 35, 0 , 0, 200, 100, 10, 419, 1.4136563638050258E-12
GA, 35, 0 , 0, 200, 100, 10, 420, 1.413656387894464E-12
GA, 35, 0 , 0, 200, 100, 10, 421, 1.4136563589700723E-12
GA, 35, 0 , 0, 200, 100, 10, 422, 1.4136563259104542E-12
GA, 35, 0 , 0, 200, 100, 10, 423, 1.4136563092884205E-12
GA, 35, 0 , 0, 200, 100, 10, 424, 1.413656263997529E-12
GA, 35, 0 , 0, 200, 100, 10, 425, 1.413656310038164E-12
GA, 35, 0 , 0, 200, 100, 10, 426, 1.4136562925244226E-12
GA, 35, 0 , 0, 200, 100, 10, 427, 1.4136563229312588E-12
GA, 35, 0 , 0, 200, 100, 10, 428, 1.4136563067306171E-12
GA, 35, 0 , 0, 200, 100, 10, 429, 1.4136563211747757E-12
GA, 35, 0 , 0, 200, 100, 10, 430, 1.4136563329425807E-12
GA, 35, 0 , 0, 200, 100, 10, 431, 1.4136563553498477E-12
GA, 35, 0 , 0, 200, 100, 10, 432, 1.4136563520262498E-12
GA, 35, 0 , 0, 200, 100, 10, 433, 1.4136563255755163E-12
GA, 35, 0 , 0, 200, 100, 10, 434, 1.4136563036458148E-12
GA, 35, 0 , 0, 200, 100, 10, 435, 1.4136563212427394E-12
GA, 35, 0 , 0, 200, 100, 10, 436, 1.413656331443355E-12
GA, 35, 0 , 0, 200, 100, 10, 437, 1.413656357659019E-12
GA, 35, 0 , 0, 200, 100, 10, 438, 1.4136563411262972E-12
GA, 35, 0 , 0, 200, 100, 10, 439, 1.4136563634577025E-12
GA, 35, 0 , 0, 200, 100, 10, 440, 1.413656338512433E-12
GA, 35, 0 , 0, 200, 100, 10, 441, 1.4136563407026838E-12
GA, 35, 0 , 0, 200, 100, 10, 442, 1.4136563249854282E-12
GA, 35, 0 , 0, 200, 100, 10, 443, 1.41365632482493E-12
GA, 35, 0 , 0, 200, 100, 10, 444, 1.4136563644877101E-12
GA, 35, 0 , 0, 200, 100, 10, 445, 1.4136563634140069E-12
GA, 35, 0 , 0, 200, 100, 10, 446, 1.4136563630013655E-12
GA, 35, 0 , 0, 200, 100, 10, 447, 1.41365636845181E-12
GA, 35, 0 , 0, 200, 100, 10, 448, 1.4136563581633798E-12
GA, 35, 0 , 0, 200, 100, 10, 449, 1.4136563796368772E-12
GA, 35, 0 , 0, 200, 100, 10, 450, 1.4136563774997182E-12
GA, 35, 0 , 0, 200, 100, 10, 451, 1.4136563834577063E-12
GA, 35, 0 , 0, 200, 100, 10, 452, 1.4136564099694958E-12
GA, 35, 0 , 0, 200, 100, 10, 453, 1.413656415294085E-12
GA, 35, 0 , 0, 200, 100, 10, 454, 1.413656387835633E-12
GA, 35, 0 , 0, 200, 100, 10, 455, 1.4136563715470506E-12
GA, 35, 0 , 0, 200, 100, 10, 456, 1.4136563645401418E-12
GA, 35, 0 , 0, 200, 100, 10, 457, 1.4136563674343205E-12
GA, 35, 0 , 0, 200, 100, 10, 458, 1.4136563979681906E-12
GA, 35, 0 , 0, 200, 100, 10, 459, 1.4136563856951083E-12
GA, 35, 0 , 0, 200, 100, 10, 460, 1.413656372697601E-12
GA, 35, 0 , 0, 200, 100, 10, 461, 1.4136563915006116E-12
GA, 35, 0 , 0, 200, 100, 10, 462, 1.413656370379164E-12
GA, 35, 0 , 0, 200, 100, 10, 463, 1.413656383023226E-12
GA, 35, 0 , 0, 200, 100, 10, 464, 1.4136563767340042E-12
GA, 35, 0 , 0, 200, 100, 10, 465, 1.4136563915488593E-12
GA, 35, 0 , 0, 200, 100, 10, 466, 1.4136563827940711E-12
GA, 35, 0 , 0, 200, 100, 10, 467, 1.4136564077951693E-12
GA, 35, 0 , 0, 200, 100, 10, 468, 1.4136563967534772E-12
GA, 35, 0 , 0, 200, 100, 10, 469, 1.4136563912158035E-12
GA, 35, 0 , 0, 200, 100, 10, 470, 1.4136563919931716E-12
GA, 35, 0 , 0, 200, 100, 10, 471, 1.4136564030878852E-12
GA, 35, 0 , 0, 200, 100, 10, 472, 1.4136563937210816E-12
GA, 35, 0 , 0, 200, 100, 10, 473, 1.4136564270473974E-12
GA, 35, 0 , 0, 200, 100, 10, 474, 1.4136564425614239E-12
GA, 35, 0 , 0, 200, 100, 10, 475, 1.4136564267544638E-12
GA, 35, 0 , 0, 200, 100, 10, 476, 1.4136564125466147E-12
GA, 35, 0 , 0, 200, 100, 10, 477, 1.413656426599232E-12
GA, 35, 0 , 0, 200, 100, 10, 478, 1.4136564400025075E-12
GA, 35, 0 , 0, 200, 100, 10, 479, 1.4136564581197536E-12
GA, 35, 0 , 0, 200, 100, 10, 480, 1.4136564516062836E-12
GA, 35, 0 , 0, 200, 100, 10, 481, 1.4136564170294559E-12
GA, 35, 0 , 0, 200, 100, 10, 482, 1.4136564159258582E-12
GA, 35, 0 , 0, 200, 100, 10, 483, 1.4136564317698E-12
GA, 35, 0 , 0, 200, 100, 10, 484, 1.4136564391742681E-12
GA, 35, 0 , 0, 200, 100, 10, 485, 1.4136564393694946E-12
GA, 35, 0 , 0, 200, 100, 10, 486, 1.413656457764606E-12
GA, 35, 0 , 0, 200, 100, 10, 487, 1.4136564781018027E-12
GA, 35, 0 , 0, 200, 100, 10, 488, 1.4136564646976687E-12
GA, 35, 0 , 0, 200, 100, 10, 489, 1.413656478723502E-12
GA, 35, 0 , 0, 200, 100, 10, 490, 1.4136564480102023E-12
GA, 35, 0 , 0, 200, 100, 10, 491, 1.4136564356211202E-12
GA, 35, 0 , 0, 200, 100, 10, 492, 1.4136564609439263E-12
GA, 35, 0 , 0, 200, 100, 10, 493, 1.4136564705754427E-12
GA, 35, 0 , 0, 200, 100, 10, 494, 1.4136564289774481E-12
GA, 35, 0 , 0, 200, 100, 10, 495, 1.4136564121280234E-12
GA, 35, 0 , 0, 200, 100, 10, 496, 1.413656417354838E-12
GA, 35, 0 , 0, 200, 100, 10, 497, 1.4136564112223004E-12
GA, 35, 0 , 0, 200, 100, 10, 498, 1.4136564132806022E-12
GA, 35, 0 , 0, 200, 100, 10, 499, 1.4136564131737192E-12
